doc_id,compound_id,trial_id,doc_type,title,author,date,full_text,tags
DOC-00001,CMP-0108,,Lab Notebook Entry,Lab Notebook Entry: SNF-1107 - Mar 2025,Larry Rivera,2026-06-21,Follow-up assay for SNF-1107: repeated Pharmacokinetic (PK) Study in triplicate to confirm prior result of strong target engagement. Variance was low (<10%). SNF-1107 remains a watchlist candidate for the Metabolic Disease program pending in vivo follow-up.,"Metabolic Disease,Clinical,SGLT2"
DOC-00002,CMP-0024,TRL-0016,Regulatory Briefing,Regulatory Briefing: DKU-1023 - Mar 2024,Victor Smith,2023-10-23,Regulatory briefing document for DKU-1023: summary of nonclinical and clinical safety data supporting the Phase III submission. hERG and genotoxicity screens were within acceptable limits. Agency feedback requested additional PK data in the Metabolic Disease population prior to advancing to the next phase.,"R&D,Regulatory Briefing,Safety"
DOC-00003,CMP-0145,,Lab Notebook Entry,Lab Notebook Entry: DKU-1144 - Sep 2025,Whitney Atkins,2023-12-04,"Ran Enzymatic Inhibition Assay on DKU-1144 (SGLT2 program) at 10.1 uM concentration. Observed strong target engagement. Compared to reference compound, DKU-1144 showed comparable activity. Recommend in vivo follow-up.","SGLT2,Neurology,Clinical"
DOC-00004,CMP-0007,TRL-0004,Regulatory Briefing,Regulatory Briefing: AGN-1006 - Dec 2024,Mike Martinez,2026-01-15,Regulatory briefing document for AGN-1006: summary of nonclinical and clinical safety data supporting the Phase I submission. hERG and genotoxicity screens were within acceptable limits. Agency feedback requested additional PK data in the Cardiology population prior to advancing to the next phase.,"Regulatory Briefing,PCSK9,Cardiology"
DOC-00005,CMP-0138,TRL-0102,Literature Review,Literature Review: SNF-1137 - Aug 2025,Allison Castillo,2025-11-21,"Recent literature on HER2 inhibitors highlights growing interest in Oncology indications. Several published studies report that selective HER2 modulation can reduce Elevated Liver Enzymes-related toxicity relative to first-generation agents. This supports continued investment in the SNF-1137 program, particularly given its allosteric modulator of her2, reducing pathological receptor activation","Oncology,R&D,Safety"
DOC-00006,CMP-0092,,Internal Memo,Internal Memo: AGN-1091 - Nov 2024,Patricia Cox,2025-11-10,Internal memo re: AGN-1091 (Discovery). The project team met to review Q2 progress. Key decision: initiate combination study planning. Budget and timeline impact to be assessed by the portfolio committee. Next milestone review scheduled for 2026-10-21.,"IL-6R,Immunology,Internal Memo"
DOC-00007,CMP-0088,TRL-0063,Internal Memo,Internal Memo: DKU-1087 - Aug 2025,Caleb Thomas,2024-07-01,Internal memo re: DKU-1087 (Phase I). The project team met to review Q4 progress. Key decision: expand to two additional sites. Budget and timeline impact to be assessed by the portfolio committee. Next milestone review scheduled for 2026-11-07.,"R&D,BCL-2,Immunology"
DOC-00008,CMP-0103,TRL-0071,SOP Deviation Report,SOP Deviation Report: SNF-1102 - Mar 2026,Ashley Jackson,2024-12-13,"SOP deviation report: during Enzymatic Inhibition Assay for SNF-1102, a temperature excursion was noted in the incubation step. Root cause: equipment calibration overdue. Corrective action: recalibrate and re-run affected samples. Impact to data integrity assessed as minimal.","JAK2,R&D,SOP Deviation Report"
DOC-00009,CMP-0148,,Conference Abstract,Conference Abstract: VLX-1147 - Sep 2024,Rebecca Clark,2024-01-02,"Conference abstract: 'VLX-1147 demonstrates durable efficacy in Cardiology: results from N/A.' Presented findings show a statistically significant benefit with a manageable safety profile; most common adverse event was Pyrexia (Moderate, self-limited).","Cardiology,Clinical,Conference Abstract"
DOC-00010,CMP-0098,,SOP Deviation Report,SOP Deviation Report: VLX-1097 - Aug 2025,Steven Vasquez,2024-06-11,"SOP deviation report: during Solubility Assay for VLX-1097, a temperature excursion was noted in the incubation step. Root cause: equipment calibration overdue. Corrective action: recalibrate and re-run affected samples. Impact to data integrity assessed as minimal.","Safety,SOP Deviation Report,R&D"
DOC-00011,CMP-0134,TRL-0096,Lab Notebook Entry,Lab Notebook Entry: PSA-1133 - Jun 2024,Jeremy Cobb,2025-10-23,"Ran Selectivity Panel on PSA-1133 (ALK program) at 34.3 uM concentration. Observed strong target engagement. Compared to reference compound, PSA-1133 showed comparable activity. Recommend scale-up synthesis.","Clinical,Cardiology,Lab Notebook Entry"
DOC-00012,CMP-0134,TRL-0096,Literature Review,Literature Review: PSA-1133 - Jun 2025,Pam Hernandez,2024-07-29,"Recent literature on ALK inhibitors highlights growing interest in Cardiology indications. Several published studies report that selective ALK modulation can reduce QT Prolongation-related toxicity relative to first-generation agents. This supports continued investment in the PSA-1133 program, particularly given its selective inhibitor of alk, blocking downstream proliferative signaling","Cardiology,ALK,Literature Review"
DOC-00013,CMP-0150,TRL-0110,Regulatory Briefing,Regulatory Briefing: PSA-1149 - May 2024,Jack Carter,2026-07-18,Regulatory briefing document for PSA-1149: summary of nonclinical and clinical safety data supporting the Phase III submission. hERG and genotoxicity screens were within acceptable limits. Agency feedback requested additional PK data in the Metabolic Disease population prior to advancing to the next phase.,"JAK2,R&D,Safety"
DOC-00014,CMP-0053,TRL-0035,SOP Deviation Report,SOP Deviation Report: VLX-1052 - Mar 2024,Karen Gonzales,2024-08-05,"SOP deviation report: during Selectivity Panel for VLX-1052, a temperature excursion was noted in the incubation step. Root cause: equipment calibration overdue. Corrective action: recalibrate and re-run affected samples. Impact to data integrity assessed as none, within spec.","SOP Deviation Report,IL-6R,Safety"
DOC-00015,CMP-0056,TRL-0038,Internal Memo,Internal Memo: PSA-1055 - Oct 2025,Eduardo Cruz,2025-08-15,"Status update on TRL-0038 (PSA-1055): enrollment is at 49% of target across 6 sites. Safety signal review for Nausea is complete, no signal identified. No changes recommended to the current protocol at this time.","mTOR,Safety,Oncology"
DOC-00016,CMP-0138,TRL-0102,SOP Deviation Report,SOP Deviation Report: SNF-1137 - Oct 2023,Eric Silva,2024-06-28,"SOP deviation report: during Metabolic Stability (Microsomal) for SNF-1137, a temperature excursion was noted in the incubation step. Root cause: equipment calibration overdue. Corrective action: recalibrate and re-run affected samples. Impact to data integrity assessed as none, within spec.","SOP Deviation Report,HER2,R&D"
DOC-00017,CMP-0124,TRL-0086,SOP Deviation Report,SOP Deviation Report: VLX-1123 - Nov 2025,Whitney Sullivan,2025-07-26,"SOP deviation report: during Selectivity Panel for VLX-1123, a temperature excursion was noted in the incubation step. Root cause: equipment calibration overdue. Corrective action: recalibrate and re-run affected samples. Impact to data integrity assessed as minimal.","mTOR,Oncology,Safety"
DOC-00018,CMP-0019,TRL-0012,Literature Review,Literature Review: DKU-1018 - Mar 2024,Christopher Farrell,2024-08-27,"Recent literature on NLRP3 inhibitors highlights growing interest in Infectious Disease indications. Several published studies report that selective NLRP3 modulation can reduce Neutropenia-related toxicity relative to first-generation agents. This supports continued investment in the DKU-1018 program, particularly given its allosteric modulator of nlrp3, reducing pathological receptor activation","Clinical,NLRP3,Safety"
DOC-00019,CMP-0028,,Conference Abstract,Conference Abstract: AGN-1027 - Oct 2024,Karina Jackson,2025-04-15,"Conference abstract: 'AGN-1027 demonstrates durable efficacy in Immunology: results from N/A.' Presented findings show a clinically meaningful benefit with a manageable safety profile; most common adverse event was Fatigue (Moderate, self-limited).","JAK2,Safety,Clinical"
DOC-00020,CMP-0122,TRL-0085,Regulatory Briefing,Regulatory Briefing: SNF-1121 - Mar 2024,Alexis Arroyo,2024-09-26,Regulatory briefing document for SNF-1121: summary of nonclinical and clinical safety data supporting the Phase I submission. hERG and genotoxicity screens were within acceptable limits. Agency feedback requested additional PK data in the Cardiology population prior to advancing to the next phase.,"Regulatory Briefing,Safety,R&D"
DOC-00021,CMP-0140,,SOP Deviation Report,SOP Deviation Report: AGN-1139 - Aug 2024,Donald Strickland,2026-01-29,"SOP deviation report: during Selectivity Panel for AGN-1139, a temperature excursion was noted in the incubation step. Root cause: equipment calibration overdue. Corrective action: recalibrate and re-run affected samples. Impact to data integrity assessed as minimal.","SOP Deviation Report,R&D,Clinical"
DOC-00022,CMP-0103,TRL-0071,Literature Review,Literature Review: SNF-1102 - Aug 2025,Joe Durham,2026-06-06,"A meta-analysis of Respiratory trials targeting JAK2 found that symptom control improved in 67% of studies reviewed, though Pyrexia was the most commonly reported dose-limiting toxicity. These findings are directly relevant to the SNF-1102 clinical development plan.","Clinical,R&D,JAK2"
DOC-00023,CMP-0044,,Regulatory Briefing,Regulatory Briefing: AGN-1043 - Mar 2026,Rachel Warren,2024-05-25,Regulatory briefing document for AGN-1043: summary of nonclinical and clinical safety data supporting the Discovery submission. hERG and genotoxicity screens were within acceptable limits. Agency feedback requested additional PK data in the Oncology population prior to advancing to the next phase.,"R&D,Oncology,Regulatory Briefing"
DOC-00024,CMP-0071,TRL-0050,Conference Abstract,Conference Abstract: DKU-1070 - Apr 2024,Jennifer Garcia,2024-09-12,"Conference abstract: 'DKU-1070 demonstrates durable efficacy in Respiratory: results from TRL-0050.' Presented findings show a statistically significant benefit with a manageable safety profile; most common adverse event was Myalgia (Moderate, self-limited).","R&D,Safety,Conference Abstract"
DOC-00025,CMP-0131,TRL-0091,Regulatory Briefing,Regulatory Briefing: VLX-1130 - Nov 2023,Kimberly Figueroa,2026-04-30,Regulatory briefing document for VLX-1130: summary of nonclinical and clinical safety data supporting the Phase I submission. hERG and genotoxicity screens were within acceptable limits. Agency feedback requested additional PK data in the Oncology population prior to advancing to the next phase.,"Clinical,Safety,R&D"
DOC-00026,CMP-0086,,Lab Notebook Entry,Lab Notebook Entry: DKU-1085 - Aug 2026,Keith Wright,2024-06-24,"Ran Selectivity Panel on DKU-1085 (HER2 program) at 27.6 uM concentration. Observed no significant activity. Compared to reference compound, DKU-1085 showed comparable activity. Recommend in vivo follow-up.","Clinical,Lab Notebook Entry,R&D"
DOC-00027,CMP-0141,TRL-0104,Regulatory Briefing,Regulatory Briefing: RX-1140 - Dec 2025,Marilyn Sanchez,2025-10-12,Regulatory briefing document for RX-1140: summary of nonclinical and clinical safety data supporting the Phase II submission. hERG and genotoxicity screens were within acceptable limits. Agency feedback requested additional PK data in the Cardiology population prior to advancing to the next phase.,"Safety,Regulatory Briefing,R&D"
DOC-00028,CMP-0015,TRL-0007,Regulatory Briefing,Regulatory Briefing: SNF-1014 - Jan 2025,Lee Arnold,2023-12-27,Regulatory briefing document for SNF-1014: summary of nonclinical and clinical safety data supporting the Phase II submission. hERG and genotoxicity screens were within acceptable limits. Agency feedback requested additional PK data in the Cardiology population prior to advancing to the next phase.,"R&D,Cardiology,Clinical"
DOC-00029,CMP-0031,,Regulatory Briefing,Regulatory Briefing: DKU-1030 - Apr 2024,Amy Leach,2025-04-12,Regulatory briefing document for DKU-1030: summary of nonclinical and clinical safety data supporting the Preclinical submission. hERG and genotoxicity screens were within acceptable limits. Agency feedback requested additional PK data in the Cardiology population prior to advancing to the next phase.,"KRAS G12C,R&D,Regulatory Briefing"
DOC-00030,CMP-0099,TRL-0068,SOP Deviation Report,SOP Deviation Report: VLX-1098 - Nov 2023,Kevin Perkins,2025-02-07,"SOP deviation report: during Solubility Assay for VLX-1098, a temperature excursion was noted in the incubation step. Root cause: equipment calibration overdue. Corrective action: recalibrate and re-run affected samples. Impact to data integrity assessed as none, within spec.","Neurology,R&D,Clinical"
DOC-00031,CMP-0058,TRL-0040,SOP Deviation Report,SOP Deviation Report: PSA-1057 - Apr 2025,Emma Walters,2024-04-20,"SOP deviation report: during Selectivity Panel for PSA-1057, a temperature excursion was noted in the incubation step. Root cause: equipment calibration overdue. Corrective action: recalibrate and re-run affected samples. Impact to data integrity assessed as minimal.","SOP Deviation Report,Infectious Disease,NLRP3"
DOC-00032,CMP-0013,,Internal Memo,Internal Memo: SNF-1012 - Dec 2023,Joshua Lewis,2025-03-04,Status update on N/A (SNF-1012): enrollment is at 51% of target across 3 sites. Safety signal review for Vomiting is ongoing. No changes recommended to the current protocol at this time.,"Oncology,Safety,R&D"
DOC-00033,CMP-0120,TRL-0082,Regulatory Briefing,Regulatory Briefing: PSA-1119 - Jun 2025,Shannon Rodriguez,2026-05-15,Regulatory briefing document for PSA-1119: summary of nonclinical and clinical safety data supporting the Phase I submission. hERG and genotoxicity screens were within acceptable limits. Agency feedback requested additional PK data in the Oncology population prior to advancing to the next phase.,"Clinical,NLRP3,R&D"
DOC-00034,CMP-0051,TRL-0032,Literature Review,Literature Review: AGN-1050 - Jan 2026,Robert Mendez,2025-01-29,"A meta-analysis of Neurology trials targeting mTOR found that biomarker response improved in 54% of studies reviewed, though QT Prolongation was the most commonly reported dose-limiting toxicity. These findings are directly relevant to the AGN-1050 clinical development plan.","Clinical,Safety,R&D"
DOC-00035,CMP-0088,TRL-0063,Conference Abstract,Conference Abstract: DKU-1087 - Sep 2023,Lindsay Vasquez,2024-03-29,"Conference abstract: 'DKU-1087 demonstrates durable efficacy in Immunology: results from TRL-0063.' Presented findings show a statistically significant benefit with a manageable safety profile; most common adverse event was Peripheral Neuropathy (Mild, self-limited).","Safety,Clinical,Conference Abstract"
DOC-00036,CMP-0060,TRL-0041,Literature Review,Literature Review: RX-1059 - Mar 2025,Tiffany Evans,2026-04-24,"Recent literature on BRAF inhibitors highlights growing interest in Metabolic Disease indications. Several published studies report that selective BRAF modulation can reduce Insomnia-related toxicity relative to first-generation agents. This supports continued investment in the RX-1059 program, particularly given its allosteric modulator of braf, reducing pathological receptor activation","Safety,Literature Review,Metabolic Disease"
DOC-00037,CMP-0001,,Literature Review,Literature Review: VLX-1000 - Jun 2024,Justin Parker,2025-01-11,"Recent literature on JAK2 inhibitors highlights growing interest in Neurology indications. Several published studies report that selective JAK2 modulation can reduce Pyrexia-related toxicity relative to first-generation agents. This supports continued investment in the VLX-1000 program, particularly given its selective inhibitor of jak2, blocking downstream proliferative signaling","Safety,R&D,Clinical"
DOC-00038,CMP-0042,,SOP Deviation Report,SOP Deviation Report: RX-1041 - Aug 2026,Katherine Flores,2026-08-19,"SOP deviation report: during Pharmacokinetic (PK) Study for RX-1041, a temperature excursion was noted in the incubation step. Root cause: equipment calibration overdue. Corrective action: recalibrate and re-run affected samples. Impact to data integrity assessed as minimal.","SOP Deviation Report,BRAF,Clinical"
DOC-00039,CMP-0040,TRL-0028,Literature Review,Literature Review: DKU-1039 - Feb 2025,Austin Reynolds,2024-08-16,"Recent literature on VEGFR2 inhibitors highlights growing interest in Metabolic Disease indications. Several published studies report that selective VEGFR2 modulation can reduce Pyrexia-related toxicity relative to first-generation agents. This supports continued investment in the DKU-1039 program, particularly given its selective inhibitor of vegfr2, blocking downstream proliferative signaling","R&D,Clinical,VEGFR2"
DOC-00040,CMP-0119,TRL-0081,Literature Review,Literature Review: SNF-1118 - Jun 2026,Mark Ryan,2024-04-05,"Recent literature on PCSK9 inhibitors highlights growing interest in Infectious Disease indications. Several published studies report that selective PCSK9 modulation can reduce Diarrhea-related toxicity relative to first-generation agents. This supports continued investment in the SNF-1118 program, particularly given its competitive antagonist at the pcsk9 binding site, restoring normal pathway flux","PCSK9,Literature Review,R&D"
DOC-00041,CMP-0140,,Regulatory Briefing,Regulatory Briefing: AGN-1139 - Jan 2026,Cindy Shaw,2024-09-02,Regulatory briefing document for AGN-1139: summary of nonclinical and clinical safety data supporting the Preclinical submission. hERG and genotoxicity screens were within acceptable limits. Agency feedback requested additional PK data in the Cardiology population prior to advancing to the next phase.,"Safety,CDK4/6,Cardiology"
DOC-00042,CMP-0021,,Internal Memo,Internal Memo: SNF-1020 - Jan 2024,Leon Duncan,2024-03-05,Status update on N/A (SNF-1020): enrollment is at 28% of target across 6 sites. Safety signal review for Fatigue is ongoing. No changes recommended to the current protocol at this time.,"Clinical,TNF-alpha,R&D"
DOC-00043,CMP-0012,TRL-0005,Regulatory Briefing,Regulatory Briefing: DKU-1011 - Mar 2024,Rachel Phelps,2025-07-17,Regulatory briefing document for DKU-1011: summary of nonclinical and clinical safety data supporting the Phase II submission. hERG and genotoxicity screens were within acceptable limits. Agency feedback requested additional PK data in the Metabolic Disease population prior to advancing to the next phase.,"Metabolic Disease,Regulatory Briefing,Safety"
DOC-00044,CMP-0073,TRL-0053,SOP Deviation Report,SOP Deviation Report: DKU-1072 - Mar 2024,Veronica Valdez,2026-01-28,"SOP deviation report: during Cell Viability Assay for DKU-1072, a temperature excursion was noted in the incubation step. Root cause: equipment calibration overdue. Corrective action: recalibrate and re-run affected samples. Impact to data integrity assessed as minimal.","Clinical,Metabolic Disease,R&D"
DOC-00045,CMP-0065,TRL-0046,Conference Abstract,Conference Abstract: PSA-1064 - Jan 2026,Timothy Kennedy,2026-04-12,"Conference abstract: 'PSA-1064 demonstrates promising efficacy in Cardiology: results from TRL-0046.' Presented findings show a clinically meaningful benefit with a manageable safety profile; most common adverse event was Decreased Appetite (Moderate, self-limited).","Clinical,R&D,Conference Abstract"
DOC-00046,CMP-0075,,Internal Memo,Internal Memo: DKU-1074 - Feb 2024,Hector Mcgee,2025-01-22,Status update on N/A (DKU-1074): enrollment is at 71% of target across 7 sites. Safety signal review for Injection Site Reaction is escalated to DSMB. No changes recommended to the current protocol at this time.,"Cardiology,Internal Memo,Clinical"
DOC-00047,CMP-0006,TRL-0003,Lab Notebook Entry,Lab Notebook Entry: PSA-1005 - Dec 2024,Jason Gill,2024-12-03,Follow-up assay for PSA-1005: repeated Metabolic Stability (Microsomal) in triplicate to confirm prior result of no significant activity. Variance was higher than expected (>20%). PSA-1005 remains a backup candidate for the Respiratory program pending scale-up synthesis.,"Safety,VEGFR2,Lab Notebook Entry"
DOC-00048,CMP-0011,,Regulatory Briefing,Regulatory Briefing: PSA-1010 - Aug 2026,Robert Proctor,2026-01-04,Regulatory briefing document for PSA-1010: summary of nonclinical and clinical safety data supporting the Preclinical submission. hERG and genotoxicity screens were within acceptable limits. Agency feedback requested additional PK data in the Cardiology population prior to advancing to the next phase.,"Clinical,R&D,IL-6R"
DOC-00049,CMP-0072,TRL-0052,Lab Notebook Entry,Lab Notebook Entry: VLX-1071 - Oct 2023,Christine Moran,2024-08-05,"Ran Solubility Assay on VLX-1071 (HER2 program) at 9.8 uM concentration. Observed dose-dependent inhibition. Compared to reference compound, VLX-1071 showed inferior activity. Recommend formulation optimization.","R&D,Safety,Infectious Disease"
DOC-00050,CMP-0055,TRL-0037,Internal Memo,Internal Memo: VLX-1054 - Sep 2024,Erika Castro,2024-04-23,Status update on TRL-0037 (VLX-1054): enrollment is at 57% of target across 4 sites. Safety signal review for QT Prolongation is escalated to DSMB. No changes recommended to the current protocol at this time.,"KRAS G12C,Clinical,Oncology"
DOC-00051,CMP-0048,TRL-0031,Literature Review,Literature Review: RX-1047 - May 2024,Selena Rodriguez,2024-06-10,"Recent literature on GLP-1R inhibitors highlights growing interest in Neurology indications. Several published studies report that selective GLP-1R modulation can reduce Pyrexia-related toxicity relative to first-generation agents. This supports continued investment in the RX-1047 program, particularly given its monoclonal antibody that binds glp-1r, triggering immune-mediated cell death","Clinical,R&D,GLP-1R"
DOC-00052,CMP-0073,TRL-0053,Regulatory Briefing,Regulatory Briefing: DKU-1072 - Sep 2024,Nathan Harrison,2026-08-16,Regulatory briefing document for DKU-1072: summary of nonclinical and clinical safety data supporting the Phase II submission. hERG and genotoxicity screens were within acceptable limits. Agency feedback requested additional PK data in the Metabolic Disease population prior to advancing to the next phase.,"Safety,Clinical,KRAS G12C"
DOC-00053,CMP-0080,TRL-0060,Literature Review,Literature Review: VLX-1079 - Nov 2023,Melissa Stout,2025-03-04,"Recent literature on HER2 inhibitors highlights growing interest in Immunology indications. Several published studies report that selective HER2 modulation can reduce Diarrhea-related toxicity relative to first-generation agents. This supports continued investment in the VLX-1079 program, particularly given its monoclonal antibody that binds her2, triggering immune-mediated cell death","Immunology,R&D,Safety"
DOC-00054,CMP-0105,,Literature Review,Literature Review: AGN-1104 - Jul 2024,Jaime Garcia,2025-08-18,"A meta-analysis of Infectious Disease trials targeting SGLT2 found that symptom control improved in 49% of studies reviewed, though Injection Site Reaction was the most commonly reported dose-limiting toxicity. These findings are directly relevant to the AGN-1104 clinical development plan.","Safety,Literature Review,R&D"
DOC-00055,CMP-0058,TRL-0040,SOP Deviation Report,SOP Deviation Report: PSA-1057 - Jul 2024,Thomas Rodriguez,2024-02-12,"SOP deviation report: during Selectivity Panel for PSA-1057, a temperature excursion was noted in the incubation step. Root cause: equipment calibration overdue. Corrective action: recalibrate and re-run affected samples. Impact to data integrity assessed as minimal.","Safety,SOP Deviation Report,NLRP3"
DOC-00056,CMP-0073,TRL-0053,Conference Abstract,Conference Abstract: DKU-1072 - Dec 2025,Reginald Gutierrez,2024-03-02,"Conference abstract: 'DKU-1072 demonstrates durable efficacy in Metabolic Disease: results from TRL-0053.' Presented findings show a clinically meaningful benefit with a manageable safety profile; most common adverse event was Vomiting (Moderate, self-limited).","Safety,R&D,Clinical"
DOC-00057,CMP-0105,,Literature Review,Literature Review: AGN-1104 - Feb 2024,Curtis Miller,2024-06-12,"A meta-analysis of Infectious Disease trials targeting SGLT2 found that progression-free survival improved in 53% of studies reviewed, though Hypertension was the most commonly reported dose-limiting toxicity. These findings are directly relevant to the AGN-1104 clinical development plan.","Infectious Disease,Safety,Clinical"
DOC-00058,CMP-0103,TRL-0072,Internal Memo,Internal Memo: SNF-1102 - Dec 2025,Joseph Carter,2023-10-11,Internal memo re: SNF-1102 (Approved). The project team met to review Q1 progress. Key decision: expand to two additional sites. Budget and timeline impact to be assessed by the portfolio committee. Next milestone review scheduled for 2026-11-12.,"Clinical,Respiratory,Internal Memo"
DOC-00059,CMP-0109,,Lab Notebook Entry,Lab Notebook Entry: VLX-1108 - Jan 2026,Richard Dawson,2024-08-26,"Ran Metabolic Stability (Microsomal) on VLX-1108 (BRAF program) at 36.8 uM concentration. Observed strong target engagement. Compared to reference compound, VLX-1108 showed inferior activity. Recommend structural analog screening.","Clinical,Safety,BRAF"
DOC-00060,CMP-0102,TRL-0070,Lab Notebook Entry,Lab Notebook Entry: AGN-1101 - Apr 2026,Jill Wilkerson,2024-04-06,"Ran Selectivity Panel on AGN-1101 (NLRP3 program) at 11.8 uM concentration. Observed moderate cytotoxicity at high dose. Compared to reference compound, AGN-1101 showed comparable activity. Recommend structural analog screening.","Safety,R&D,NLRP3"
DOC-00061,CMP-0137,TRL-0100,Conference Abstract,Conference Abstract: AGN-1136 - Feb 2025,Gary Byrd,2025-10-27,"Conference abstract: 'AGN-1136 demonstrates durable efficacy in Respiratory: results from TRL-0100.' Presented findings show a statistically significant benefit with a manageable safety profile; most common adverse event was Peripheral Neuropathy (Severe, self-limited).","Conference Abstract,Safety,Respiratory"
DOC-00062,CMP-0048,TRL-0031,Internal Memo,Internal Memo: RX-1047 - Dec 2025,Bryan Jenkins,2024-11-24,Status update on TRL-0031 (RX-1047): enrollment is at 57% of target across 7 sites. Safety signal review for Cough is ongoing. No changes recommended to the current protocol at this time.,"Internal Memo,GLP-1R,Clinical"
DOC-00063,CMP-0112,,SOP Deviation Report,SOP Deviation Report: SNF-1111 - Mar 2025,Joseph Durham,2025-03-31,"SOP deviation report: during Pharmacokinetic (PK) Study for SNF-1111, a temperature excursion was noted in the incubation step. Root cause: equipment calibration overdue. Corrective action: recalibrate and re-run affected samples. Impact to data integrity assessed as moderate - samples re-run.","Safety,R&D,SOP Deviation Report"
DOC-00064,CMP-0011,,SOP Deviation Report,SOP Deviation Report: PSA-1010 - Oct 2023,Andrew Gordon,2026-02-08,"SOP deviation report: during Metabolic Stability (Microsomal) for PSA-1010, a temperature excursion was noted in the incubation step. Root cause: equipment calibration overdue. Corrective action: recalibrate and re-run affected samples. Impact to data integrity assessed as moderate - samples re-run.","R&D,Safety,SOP Deviation Report"
DOC-00065,CMP-0119,TRL-0081,Regulatory Briefing,Regulatory Briefing: SNF-1118 - Jan 2026,Kenneth Walters DDS,2025-05-29,Regulatory briefing document for SNF-1118: summary of nonclinical and clinical safety data supporting the Phase III submission. hERG and genotoxicity screens were within acceptable limits. Agency feedback requested additional PK data in the Infectious Disease population prior to advancing to the next phase.,"Clinical,Regulatory Briefing,Safety"
DOC-00066,CMP-0055,TRL-0037,SOP Deviation Report,SOP Deviation Report: VLX-1054 - Aug 2026,Kim Lindsey,2026-04-01,"SOP deviation report: during Cell Viability Assay for VLX-1054, a temperature excursion was noted in the incubation step. Root cause: equipment calibration overdue. Corrective action: recalibrate and re-run affected samples. Impact to data integrity assessed as minimal.","SOP Deviation Report,Clinical,Oncology"
DOC-00067,CMP-0049,,SOP Deviation Report,SOP Deviation Report: DKU-1048 - Dec 2023,Lisa Kaiser,2025-12-19,"SOP deviation report: during Pharmacokinetic (PK) Study for DKU-1048, a temperature excursion was noted in the incubation step. Root cause: equipment calibration overdue. Corrective action: recalibrate and re-run affected samples. Impact to data integrity assessed as none, within spec.","SGLT2,R&D,Clinical"
DOC-00068,CMP-0150,TRL-0110,Internal Memo,Internal Memo: PSA-1149 - Jan 2025,Jerry Gilmore,2025-12-05,Internal memo re: PSA-1149 (Phase III). The project team met to review Q2 progress. Key decision: pause enrollment pending safety review. Budget and timeline impact to be assessed by the portfolio committee. Next milestone review scheduled for 2026-11-28.,"Clinical,Metabolic Disease,JAK2"
DOC-00069,CMP-0133,TRL-0093,Regulatory Briefing,Regulatory Briefing: DKU-1132 - Aug 2025,Matthew Morgan,2025-04-17,Regulatory briefing document for DKU-1132: summary of nonclinical and clinical safety data supporting the Phase I submission. hERG and genotoxicity screens were within acceptable limits. Agency feedback requested additional PK data in the Infectious Disease population prior to advancing to the next phase.,"Infectious Disease,Safety,Regulatory Briefing"
DOC-00070,CMP-0006,TRL-0003,Regulatory Briefing,Regulatory Briefing: PSA-1005 - Oct 2025,Jessica Smith,2025-06-08,Regulatory briefing document for PSA-1005: summary of nonclinical and clinical safety data supporting the Phase I submission. hERG and genotoxicity screens were within acceptable limits. Agency feedback requested additional PK data in the Respiratory population prior to advancing to the next phase.,"Respiratory,Clinical,Regulatory Briefing"
DOC-00071,CMP-0144,,Conference Abstract,Conference Abstract: SNF-1143 - Sep 2023,Alicia Perez,2024-12-28,"Conference abstract: 'SNF-1143 demonstrates durable efficacy in Immunology: results from N/A.' Presented findings show a clinically meaningful benefit with a manageable safety profile; most common adverse event was QT Prolongation (Mild, self-limited).","Immunology,Safety,mTOR"
DOC-00072,CMP-0086,,Regulatory Briefing,Regulatory Briefing: DKU-1085 - Jun 2024,Michael Nguyen,2025-01-31,Regulatory briefing document for DKU-1085: summary of nonclinical and clinical safety data supporting the Preclinical submission. hERG and genotoxicity screens were within acceptable limits. Agency feedback requested additional PK data in the Immunology population prior to advancing to the next phase.,"Safety,Clinical,HER2"
DOC-00073,CMP-0067,,SOP Deviation Report,SOP Deviation Report: RX-1066 - Sep 2025,Laura Gomez,2026-05-08,"SOP deviation report: during Selectivity Panel for RX-1066, a temperature excursion was noted in the incubation step. Root cause: equipment calibration overdue. Corrective action: recalibrate and re-run affected samples. Impact to data integrity assessed as none, within spec.","R&D,SOP Deviation Report,Safety"
DOC-00074,CMP-0064,TRL-0044,Internal Memo,Internal Memo: DKU-1063 - Mar 2024,Christine White,2023-10-16,Internal memo re: DKU-1063 (Approved). The project team met to review Q1 progress. Key decision: continue to next dose cohort. Budget and timeline impact to be assessed by the portfolio committee. Next milestone review scheduled for 2026-12-06.,"Safety,Clinical,TNF-alpha"
DOC-00075,CMP-0012,TRL-0006,Lab Notebook Entry,Lab Notebook Entry: DKU-1011 - Jul 2025,Penny Fernandez,2026-07-29,Follow-up assay for DKU-1011: repeated hERG Cardiotoxicity Screen in triplicate to confirm prior result of dose-dependent inhibition. Variance was moderate (10-20%). DKU-1011 remains a watchlist candidate for the Metabolic Disease program pending formulation optimization.,"Safety,R&D,Lab Notebook Entry"
DOC-00076,CMP-0146,,Conference Abstract,Conference Abstract: VLX-1145 - Sep 2024,David Clark,2024-08-14,"Conference abstract: 'VLX-1145 demonstrates promising efficacy in Cardiology: results from N/A.' Presented findings show a statistically significant benefit with a manageable safety profile; most common adverse event was Neutropenia (Severe, self-limited).","Clinical,VEGFR2,R&D"
DOC-00077,CMP-0072,TRL-0052,SOP Deviation Report,SOP Deviation Report: VLX-1071 - Dec 2024,Timothy Robinson,2024-10-11,"SOP deviation report: during Selectivity Panel for VLX-1071, a temperature excursion was noted in the incubation step. Root cause: equipment calibration overdue. Corrective action: recalibrate and re-run affected samples. Impact to data integrity assessed as minimal.","Clinical,Safety,Infectious Disease"
DOC-00078,CMP-0144,,Literature Review,Literature Review: SNF-1143 - Feb 2024,Jessica Flowers,2024-11-01,"Recent literature on mTOR inhibitors highlights growing interest in Immunology indications. Several published studies report that selective mTOR modulation can reduce Elevated Liver Enzymes-related toxicity relative to first-generation agents. This supports continued investment in the SNF-1143 program, particularly given its covalent inhibitor of mtor, irreversibly disabling enzymatic activity","Immunology,Clinical,R&D"
DOC-00079,CMP-0034,TRL-0021,Internal Memo,Internal Memo: PSA-1033 - Dec 2025,Jamie Griffin,2024-11-28,Internal memo re: PSA-1033 (Phase II). The project team met to review Q2 progress. Key decision: pause enrollment pending safety review. Budget and timeline impact to be assessed by the portfolio committee. Next milestone review scheduled for 2026-11-02.,"Internal Memo,Neurology,Clinical"
DOC-00080,CMP-0064,TRL-0044,Lab Notebook Entry,Lab Notebook Entry: DKU-1063 - Apr 2024,Robert Davis,2024-03-27,Follow-up assay for DKU-1063: repeated Solubility Assay in triplicate to confirm prior result of no significant activity. Variance was low (<10%). DKU-1063 remains a backup candidate for the Cardiology program pending scale-up synthesis.,"Cardiology,Clinical,Lab Notebook Entry"
DOC-00081,CMP-0070,,SOP Deviation Report,SOP Deviation Report: DKU-1069 - Jun 2026,Barbara Sherman,2024-01-27,"SOP deviation report: during Pharmacokinetic (PK) Study for DKU-1069, a temperature excursion was noted in the incubation step. Root cause: equipment calibration overdue. Corrective action: recalibrate and re-run affected samples. Impact to data integrity assessed as none, within spec.","R&D,SOP Deviation Report,Clinical"
DOC-00082,CMP-0129,TRL-0090,Conference Abstract,Conference Abstract: PSA-1128 - Mar 2025,Nicole Stewart,2024-04-14,"Conference abstract: 'PSA-1128 demonstrates durable efficacy in Metabolic Disease: results from TRL-0090.' Presented findings show a statistically significant benefit with a manageable safety profile; most common adverse event was Myalgia (Severe, self-limited).","Metabolic Disease,PCSK9,Safety"
DOC-00083,CMP-0040,TRL-0028,Literature Review,Literature Review: DKU-1039 - Aug 2026,Heather Scott,2024-01-18,"A meta-analysis of Metabolic Disease trials targeting VEGFR2 found that progression-free survival improved in 43% of studies reviewed, though Neutropenia was the most commonly reported dose-limiting toxicity. These findings are directly relevant to the DKU-1039 clinical development plan.","Clinical,Safety,VEGFR2"
DOC-00084,CMP-0010,,Conference Abstract,Conference Abstract: DKU-1009 - Jan 2025,Robert Ross,2026-04-13,"Conference abstract: 'DKU-1009 demonstrates superior efficacy in Oncology: results from N/A.' Presented findings show a clinically meaningful benefit with a manageable safety profile; most common adverse event was Dizziness (Mild, self-limited).","Clinical,Conference Abstract,Safety"
DOC-00085,CMP-0136,,Regulatory Briefing,Regulatory Briefing: SNF-1135 - Oct 2024,Sara Hamilton,2026-04-03,Regulatory briefing document for SNF-1135: summary of nonclinical and clinical safety data supporting the Discovery submission. hERG and genotoxicity screens were within acceptable limits. Agency feedback requested additional PK data in the Infectious Disease population prior to advancing to the next phase.,"R&D,Infectious Disease,Regulatory Briefing"
DOC-00086,CMP-0121,TRL-0083,SOP Deviation Report,SOP Deviation Report: AGN-1120 - Aug 2024,Mrs. Maria Price DDS,2026-07-25,"SOP deviation report: during Binding Affinity (SPR) for AGN-1120, a temperature excursion was noted in the incubation step. Root cause: equipment calibration overdue. Corrective action: recalibrate and re-run affected samples. Impact to data integrity assessed as minimal.","Safety,SOP Deviation Report,GLP-1R"
DOC-00087,CMP-0051,TRL-0033,SOP Deviation Report,SOP Deviation Report: AGN-1050 - Jul 2024,Erica Taylor,2024-06-16,"SOP deviation report: during Metabolic Stability (Microsomal) for AGN-1050, a temperature excursion was noted in the incubation step. Root cause: equipment calibration overdue. Corrective action: recalibrate and re-run affected samples. Impact to data integrity assessed as minimal.","SOP Deviation Report,R&D,Clinical"
DOC-00088,CMP-0061,,Lab Notebook Entry,Lab Notebook Entry: AGN-1060 - May 2025,Christopher Neal,2025-12-30,"Ran Cell Viability Assay on AGN-1060 (VEGFR2 program) at 9.6 uM concentration. Observed moderate cytotoxicity at high dose. Compared to reference compound, AGN-1060 showed superior activity. Recommend scale-up synthesis.","R&D,Metabolic Disease,Lab Notebook Entry"
DOC-00089,CMP-0035,TRL-0022,SOP Deviation Report,SOP Deviation Report: SNF-1034 - Nov 2023,Sharon Guerrero,2024-10-29,"SOP deviation report: during Solubility Assay for SNF-1034, a temperature excursion was noted in the incubation step. Root cause: equipment calibration overdue. Corrective action: recalibrate and re-run affected samples. Impact to data integrity assessed as moderate - samples re-run.","mTOR,Safety,SOP Deviation Report"
DOC-00090,CMP-0096,,Lab Notebook Entry,Lab Notebook Entry: AGN-1095 - Dec 2024,Christopher Mayer,2026-08-10,Follow-up assay for AGN-1095: repeated Binding Affinity (SPR) in triplicate to confirm prior result of strong target engagement. Variance was low (<10%). AGN-1095 remains a watchlist candidate for the Metabolic Disease program pending scale-up synthesis.,"Safety,Lab Notebook Entry,R&D"
DOC-00091,CMP-0044,,Lab Notebook Entry,Lab Notebook Entry: AGN-1043 - Dec 2025,Catherine Koch,2024-01-15,Follow-up assay for AGN-1043: repeated hERG Cardiotoxicity Screen in triplicate to confirm prior result of moderate cytotoxicity at high dose. Variance was low (<10%). AGN-1043 remains a backup candidate for the Oncology program pending scale-up synthesis.,"R&D,VEGFR2,Lab Notebook Entry"
DOC-00092,CMP-0066,,SOP Deviation Report,SOP Deviation Report: VLX-1065 - Mar 2024,Mr. Mario Stout III,2024-09-03,"SOP deviation report: during Selectivity Panel for VLX-1065, a temperature excursion was noted in the incubation step. Root cause: equipment calibration overdue. Corrective action: recalibrate and re-run affected samples. Impact to data integrity assessed as none, within spec.","BRAF,SOP Deviation Report,Infectious Disease"
DOC-00093,CMP-0147,TRL-0108,SOP Deviation Report,SOP Deviation Report: RX-1146 - Jan 2026,Stephen Johnson,2026-04-29,"SOP deviation report: during Pharmacokinetic (PK) Study for RX-1146, a temperature excursion was noted in the incubation step. Root cause: equipment calibration overdue. Corrective action: recalibrate and re-run affected samples. Impact to data integrity assessed as minimal.","R&D,Clinical,SOP Deviation Report"
DOC-00094,CMP-0117,TRL-0079,Lab Notebook Entry,Lab Notebook Entry: SNF-1116 - Jun 2026,James George,2025-04-15,"Ran Metabolic Stability (Microsomal) on SNF-1116 (VEGFR2 program) at 14.0 uM concentration. Observed strong target engagement. Compared to reference compound, SNF-1116 showed comparable activity. Recommend formulation optimization.","Clinical,Lab Notebook Entry,Safety"
DOC-00095,CMP-0067,,Regulatory Briefing,Regulatory Briefing: RX-1066 - Mar 2024,Steven Davis,2026-09-04,Regulatory briefing document for RX-1066: summary of nonclinical and clinical safety data supporting the Discovery submission. hERG and genotoxicity screens were within acceptable limits. Agency feedback requested additional PK data in the Oncology population prior to advancing to the next phase.,"Regulatory Briefing,Oncology,Safety"
DOC-00096,CMP-0013,,Regulatory Briefing,Regulatory Briefing: SNF-1012 - Jan 2024,William Chase,2025-04-27,Regulatory briefing document for SNF-1012: summary of nonclinical and clinical safety data supporting the Discovery submission. hERG and genotoxicity screens were within acceptable limits. Agency feedback requested additional PK data in the Oncology population prior to advancing to the next phase.,"Safety,Oncology,Clinical"
DOC-00097,CMP-0080,TRL-0060,SOP Deviation Report,SOP Deviation Report: VLX-1079 - Feb 2024,Mallory Collins,2025-02-13,"SOP deviation report: during Pharmacokinetic (PK) Study for VLX-1079, a temperature excursion was noted in the incubation step. Root cause: equipment calibration overdue. Corrective action: recalibrate and re-run affected samples. Impact to data integrity assessed as none, within spec.","Immunology,Safety,SOP Deviation Report"
DOC-00098,CMP-0060,TRL-0041,Conference Abstract,Conference Abstract: RX-1059 - Jun 2026,Matthew Diaz,2025-07-20,"Conference abstract: 'RX-1059 demonstrates promising efficacy in Metabolic Disease: results from TRL-0041.' Presented findings show a statistically significant benefit with a manageable safety profile; most common adverse event was Pyrexia (Moderate, self-limited).","R&D,Clinical,Metabolic Disease"
DOC-00099,CMP-0029,TRL-0019,Regulatory Briefing,Regulatory Briefing: SNF-1028 - Nov 2025,Paul Christian,2024-04-19,Regulatory briefing document for SNF-1028: summary of nonclinical and clinical safety data supporting the Phase II submission. hERG and genotoxicity screens were within acceptable limits. Agency feedback requested additional PK data in the Oncology population prior to advancing to the next phase.,"Safety,Oncology,R&D"
DOC-00100,CMP-0048,TRL-0031,SOP Deviation Report,SOP Deviation Report: RX-1047 - May 2024,Tom Perez,2023-12-16,"SOP deviation report: during Binding Affinity (SPR) for RX-1047, a temperature excursion was noted in the incubation step. Root cause: equipment calibration overdue. Corrective action: recalibrate and re-run affected samples. Impact to data integrity assessed as none, within spec.","Safety,Clinical,Neurology"
DOC-00101,CMP-0020,TRL-0013,Conference Abstract,Conference Abstract: AGN-1019 - Dec 2023,Stephen Garcia,2024-05-22,"Conference abstract: 'AGN-1019 demonstrates durable efficacy in Metabolic Disease: results from TRL-0013.' Presented findings show a statistically significant benefit with a manageable safety profile; most common adverse event was Thrombocytopenia (Mild, self-limited).","Metabolic Disease,Conference Abstract,BCL-2"
DOC-00102,CMP-0078,TRL-0057,Conference Abstract,Conference Abstract: SNF-1077 - Apr 2024,Erin Dickson,2025-09-18,"Conference abstract: 'SNF-1077 demonstrates promising efficacy in Oncology: results from TRL-0057.' Presented findings show a clinically meaningful benefit with a manageable safety profile; most common adverse event was Dizziness (Moderate, self-limited).","VEGFR2,Conference Abstract,Oncology"
DOC-00103,CMP-0138,TRL-0101,Internal Memo,Internal Memo: SNF-1137 - Jun 2025,Olivia Anderson,2024-12-23,Internal memo re: SNF-1137 (Discontinued). The project team met to review Q3 progress. Key decision: expand to two additional sites. Budget and timeline impact to be assessed by the portfolio committee. Next milestone review scheduled for 2026-11-08.,"HER2,Oncology,R&D"
DOC-00104,CMP-0141,TRL-0104,Literature Review,Literature Review: RX-1140 - Sep 2025,Taylor Johnson,2026-06-06,"Recent literature on mTOR inhibitors highlights growing interest in Cardiology indications. Several published studies report that selective mTOR modulation can reduce Peripheral Neuropathy-related toxicity relative to first-generation agents. This supports continued investment in the RX-1140 program, particularly given its monoclonal antibody that binds mtor, triggering immune-mediated cell death","R&D,Cardiology,Literature Review"
DOC-00105,CMP-0126,TRL-0087,Lab Notebook Entry,Lab Notebook Entry: SNF-1125 - Nov 2024,Craig White,2024-02-21,Follow-up assay for SNF-1125: repeated Solubility Assay in triplicate to confirm prior result of moderate cytotoxicity at high dose. Variance was low (<10%). SNF-1125 remains a backup candidate for the Oncology program pending scale-up synthesis.,"Safety,EGFR,R&D"
DOC-00106,CMP-0139,TRL-0103,Internal Memo,Internal Memo: AGN-1138 - Feb 2026,Frank Armstrong,2025-02-28,Internal memo re: AGN-1138 (Discontinued). The project team met to review Q4 progress. Key decision: initiate combination study planning. Budget and timeline impact to be assessed by the portfolio committee. Next milestone review scheduled for 2026-09-30.,"Clinical,SGLT2,R&D"
DOC-00107,CMP-0074,TRL-0055,Lab Notebook Entry,Lab Notebook Entry: RX-1073 - Sep 2024,Ruth Ray,2025-01-25,"Ran Pharmacokinetic (PK) Study on RX-1073 (KRAS G12C program) at 48.3 uM concentration. Observed moderate cytotoxicity at high dose. Compared to reference compound, RX-1073 showed comparable activity. Recommend formulation optimization.","Lab Notebook Entry,Safety,R&D"
DOC-00108,CMP-0046,,Literature Review,Literature Review: AGN-1045 - May 2024,Kimberly Wilson,2024-07-19,"A meta-analysis of Cardiology trials targeting JAK2 found that progression-free survival improved in 63% of studies reviewed, though Myalgia was the most commonly reported dose-limiting toxicity. These findings are directly relevant to the AGN-1045 clinical development plan.","Safety,R&D,JAK2"
DOC-00109,CMP-0042,,Literature Review,Literature Review: RX-1041 - Jan 2026,Gabrielle Stafford,2024-06-23,"A meta-analysis of Immunology trials targeting BRAF found that progression-free survival improved in 57% of studies reviewed, though Dizziness was the most commonly reported dose-limiting toxicity. These findings are directly relevant to the RX-1041 clinical development plan.","Safety,BRAF,Immunology"
DOC-00110,CMP-0037,TRL-0024,Literature Review,Literature Review: VLX-1036 - Feb 2026,Mr. Matthew Barnett,2024-09-26,"Recent literature on IL-6R inhibitors highlights growing interest in Cardiology indications. Several published studies report that selective IL-6R modulation can reduce Peripheral Neuropathy-related toxicity relative to first-generation agents. This supports continued investment in the VLX-1036 program, particularly given its competitive antagonist at the il-6r binding site, restoring normal pathway flux","R&D,Literature Review,Cardiology"
DOC-00111,CMP-0037,TRL-0024,Literature Review,Literature Review: VLX-1036 - Apr 2025,Jacob May,2026-08-09,"A meta-analysis of Cardiology trials targeting IL-6R found that biomarker response improved in 52% of studies reviewed, though Diarrhea was the most commonly reported dose-limiting toxicity. These findings are directly relevant to the VLX-1036 clinical development plan.","Cardiology,R&D,Clinical"
DOC-00112,CMP-0118,TRL-0080,Conference Abstract,Conference Abstract: RX-1117 - Feb 2024,Jim Rodriguez,2025-05-12,"Conference abstract: 'RX-1117 demonstrates promising efficacy in Metabolic Disease: results from TRL-0080.' Presented findings show a clinically meaningful benefit with a manageable safety profile; most common adverse event was Pyrexia (Severe, self-limited).","Safety,R&D,EGFR"
DOC-00113,CMP-0131,TRL-0092,Lab Notebook Entry,Lab Notebook Entry: VLX-1130 - Aug 2024,Elizabeth Graham,2026-08-30,"Ran Pharmacokinetic (PK) Study on VLX-1130 (NLRP3 program) at 20.3 uM concentration. Observed no significant activity. Compared to reference compound, VLX-1130 showed inferior activity. Recommend scale-up synthesis.","Oncology,Lab Notebook Entry,R&D"
DOC-00114,CMP-0124,TRL-0086,Conference Abstract,Conference Abstract: VLX-1123 - Dec 2023,Kathy Sanders,2026-07-14,"Conference abstract: 'VLX-1123 demonstrates promising efficacy in Oncology: results from TRL-0086.' Presented findings show a clinically meaningful benefit with a manageable safety profile; most common adverse event was Headache (Moderate, self-limited).","R&D,Oncology,Safety"
DOC-00115,CMP-0149,TRL-0109,Literature Review,Literature Review: DKU-1148 - Sep 2026,Ryan Walker,2023-10-06,"Recent literature on HER2 inhibitors highlights growing interest in Neurology indications. Several published studies report that selective HER2 modulation can reduce Vomiting-related toxicity relative to first-generation agents. This supports continued investment in the DKU-1148 program, particularly given its monoclonal antibody that binds her2, triggering immune-mediated cell death","HER2,Safety,Literature Review"
DOC-00116,CMP-0085,,Lab Notebook Entry,Lab Notebook Entry: DKU-1084 - Nov 2025,Kyle Hernandez,2026-04-16,"Ran Metabolic Stability (Microsomal) on DKU-1084 (CDK4/6 program) at 28.1 uM concentration. Observed no significant activity. Compared to reference compound, DKU-1084 showed modestly improved activity. Recommend scale-up synthesis.","Clinical,Safety,CDK4/6"
DOC-00117,CMP-0054,TRL-0036,Literature Review,Literature Review: SNF-1053 - Apr 2025,Heidi Hall,2026-07-21,"Recent literature on mTOR inhibitors highlights growing interest in Neurology indications. Several published studies report that selective mTOR modulation can reduce Cough-related toxicity relative to first-generation agents. This supports continued investment in the SNF-1053 program, particularly given its monoclonal antibody that binds mtor, triggering immune-mediated cell death","mTOR,R&D,Neurology"
DOC-00118,CMP-0040,TRL-0028,Internal Memo,Internal Memo: DKU-1039 - Nov 2024,Christopher Walters,2025-07-25,Internal memo re: DKU-1039 (Discontinued). The project team met to review Q4 progress. Key decision: continue to next dose cohort. Budget and timeline impact to be assessed by the portfolio committee. Next milestone review scheduled for 2026-11-09.,"Metabolic Disease,R&D,Clinical"
DOC-00119,CMP-0077,,Conference Abstract,Conference Abstract: AGN-1076 - Mar 2026,Brittany Dunlap,2025-07-16,"Conference abstract: 'AGN-1076 demonstrates superior efficacy in Metabolic Disease: results from N/A.' Presented findings show a clinically meaningful benefit with a manageable safety profile; most common adverse event was Peripheral Neuropathy (Moderate, self-limited).","R&D,Metabolic Disease,Safety"
DOC-00120,CMP-0011,,SOP Deviation Report,SOP Deviation Report: PSA-1010 - Apr 2026,Tyler Rush,2024-08-07,"SOP deviation report: during Cell Viability Assay for PSA-1010, a temperature excursion was noted in the incubation step. Root cause: equipment calibration overdue. Corrective action: recalibrate and re-run affected samples. Impact to data integrity assessed as moderate - samples re-run.","SOP Deviation Report,Safety,Clinical"
DOC-00121,CMP-0138,TRL-0102,SOP Deviation Report,SOP Deviation Report: SNF-1137 - May 2026,Stephanie Mcdonald,2024-02-14,"SOP deviation report: during Solubility Assay for SNF-1137, a temperature excursion was noted in the incubation step. Root cause: equipment calibration overdue. Corrective action: recalibrate and re-run affected samples. Impact to data integrity assessed as minimal.","HER2,Oncology,Clinical"
DOC-00122,CMP-0066,,Lab Notebook Entry,Lab Notebook Entry: VLX-1065 - Jul 2026,David Peters,2024-08-24,"Ran hERG Cardiotoxicity Screen on VLX-1065 (BRAF program) at 37.5 uM concentration. Observed strong target engagement. Compared to reference compound, VLX-1065 showed inferior activity. Recommend scale-up synthesis.","Lab Notebook Entry,R&D,Safety"
DOC-00123,CMP-0003,,Internal Memo,Internal Memo: AGN-1002 - Jul 2025,Amy Jenkins,2024-02-22,Internal memo re: AGN-1002 (Preclinical). The project team met to review Q1 progress. Key decision: continue to next dose cohort. Budget and timeline impact to be assessed by the portfolio committee. Next milestone review scheduled for 2026-12-10.,"Internal Memo,Safety,Clinical"
DOC-00124,CMP-0113,TRL-0075,Literature Review,Literature Review: RX-1112 - Mar 2026,Renee Tapia,2024-06-09,"Recent literature on GLP-1R inhibitors highlights growing interest in Immunology indications. Several published studies report that selective GLP-1R modulation can reduce Insomnia-related toxicity relative to first-generation agents. This supports continued investment in the RX-1112 program, particularly given its competitive antagonist at the glp-1r binding site, restoring normal pathway flux","Immunology,Safety,GLP-1R"
DOC-00125,CMP-0001,,SOP Deviation Report,SOP Deviation Report: VLX-1000 - Jan 2026,Jeanne Lee,2026-03-19,"SOP deviation report: during Enzymatic Inhibition Assay for VLX-1000, a temperature excursion was noted in the incubation step. Root cause: equipment calibration overdue. Corrective action: recalibrate and re-run affected samples. Impact to data integrity assessed as none, within spec.","Safety,JAK2,Clinical"
DOC-00126,CMP-0025,,SOP Deviation Report,SOP Deviation Report: DKU-1024 - Dec 2023,Desiree Stafford,2024-01-31,"SOP deviation report: during Cell Viability Assay for DKU-1024, a temperature excursion was noted in the incubation step. Root cause: equipment calibration overdue. Corrective action: recalibrate and re-run affected samples. Impact to data integrity assessed as none, within spec.","Clinical,SOP Deviation Report,Safety"
DOC-00127,CMP-0125,,SOP Deviation Report,SOP Deviation Report: DKU-1124 - Dec 2025,Brittany Ramos,2025-09-23,"SOP deviation report: during Pharmacokinetic (PK) Study for DKU-1124, a temperature excursion was noted in the incubation step. Root cause: equipment calibration overdue. Corrective action: recalibrate and re-run affected samples. Impact to data integrity assessed as minimal.","VEGFR2,Safety,R&D"
DOC-00128,CMP-0105,,Conference Abstract,Conference Abstract: AGN-1104 - Dec 2025,Bruce Collins,2024-01-08,"Conference abstract: 'AGN-1104 demonstrates promising efficacy in Infectious Disease: results from N/A.' Presented findings show a clinically meaningful benefit with a manageable safety profile; most common adverse event was Insomnia (Severe, self-limited).","Safety,Infectious Disease,R&D"
DOC-00129,CMP-0132,,Lab Notebook Entry,Lab Notebook Entry: VLX-1131 - Aug 2025,Matthew Evans,2024-02-01,Follow-up assay for VLX-1131: repeated Enzymatic Inhibition Assay in triplicate to confirm prior result of no significant activity. Variance was moderate (10-20%). VLX-1131 remains a high-priority candidate for the Cardiology program pending in vivo follow-up.,"Clinical,Cardiology,VEGFR2"
DOC-00130,CMP-0139,TRL-0103,SOP Deviation Report,SOP Deviation Report: AGN-1138 - Dec 2025,Benjamin Werner,2026-06-11,"SOP deviation report: during Cell Viability Assay for AGN-1138, a temperature excursion was noted in the incubation step. Root cause: equipment calibration overdue. Corrective action: recalibrate and re-run affected samples. Impact to data integrity assessed as minimal.","R&D,Clinical,Safety"
DOC-00131,CMP-0100,,Conference Abstract,Conference Abstract: DKU-1099 - Sep 2024,William James,2026-05-20,"Conference abstract: 'DKU-1099 demonstrates durable efficacy in Immunology: results from N/A.' Presented findings show a clinically meaningful benefit with a manageable safety profile; most common adverse event was Anemia (Mild, self-limited).","TNF-alpha,Immunology,Safety"
DOC-00132,CMP-0149,TRL-0109,Conference Abstract,Conference Abstract: DKU-1148 - Jan 2024,Kevin Walter,2025-10-14,"Conference abstract: 'DKU-1148 demonstrates durable efficacy in Neurology: results from TRL-0109.' Presented findings show a clinically meaningful benefit with a manageable safety profile; most common adverse event was Diarrhea (Severe, self-limited).","Safety,Clinical,Conference Abstract"
DOC-00133,CMP-0049,,Internal Memo,Internal Memo: DKU-1048 - Dec 2025,Brian Bright,2025-07-09,Status update on N/A (DKU-1048): enrollment is at 41% of target across 4 sites. Safety signal review for Hypertension is ongoing. No changes recommended to the current protocol at this time.,"Clinical,SGLT2,Internal Memo"
DOC-00134,CMP-0018,TRL-0010,Lab Notebook Entry,Lab Notebook Entry: SNF-1017 - Jul 2025,Sean Ortega,2026-03-22,Follow-up assay for SNF-1017: repeated Pharmacokinetic (PK) Study in triplicate to confirm prior result of moderate cytotoxicity at high dose. Variance was low (<10%). SNF-1017 remains a watchlist candidate for the Oncology program pending in vivo follow-up.,"Oncology,Safety,Lab Notebook Entry"
DOC-00135,CMP-0064,TRL-0044,SOP Deviation Report,SOP Deviation Report: DKU-1063 - Aug 2026,Mark Grimes,2024-07-20,"SOP deviation report: during Solubility Assay for DKU-1063, a temperature excursion was noted in the incubation step. Root cause: equipment calibration overdue. Corrective action: recalibrate and re-run affected samples. Impact to data integrity assessed as minimal.","Safety,Clinical,SOP Deviation Report"
DOC-00136,CMP-0125,,SOP Deviation Report,SOP Deviation Report: DKU-1124 - Nov 2025,David Romero,2024-12-20,"SOP deviation report: during hERG Cardiotoxicity Screen for DKU-1124, a temperature excursion was noted in the incubation step. Root cause: equipment calibration overdue. Corrective action: recalibrate and re-run affected samples. Impact to data integrity assessed as moderate - samples re-run.","Metabolic Disease,Safety,SOP Deviation Report"
DOC-00137,CMP-0117,TRL-0079,Literature Review,Literature Review: SNF-1116 - Mar 2026,Mrs. Ashley Shaffer,2024-06-09,"Recent literature on VEGFR2 inhibitors highlights growing interest in Immunology indications. Several published studies report that selective VEGFR2 modulation can reduce Insomnia-related toxicity relative to first-generation agents. This supports continued investment in the SNF-1116 program, particularly given its competitive antagonist at the vegfr2 binding site, restoring normal pathway flux","Clinical,Safety,Immunology"
DOC-00138,CMP-0131,TRL-0091,SOP Deviation Report,SOP Deviation Report: VLX-1130 - Mar 2025,Mary Garcia,2026-01-20,"SOP deviation report: during Binding Affinity (SPR) for VLX-1130, a temperature excursion was noted in the incubation step. Root cause: equipment calibration overdue. Corrective action: recalibrate and re-run affected samples. Impact to data integrity assessed as moderate - samples re-run.","NLRP3,SOP Deviation Report,Clinical"
DOC-00139,CMP-0105,,Literature Review,Literature Review: AGN-1104 - Nov 2025,Sara Bennett,2025-04-08,"A meta-analysis of Infectious Disease trials targeting SGLT2 found that progression-free survival improved in 63% of studies reviewed, though Cough was the most commonly reported dose-limiting toxicity. These findings are directly relevant to the AGN-1104 clinical development plan.","SGLT2,R&D,Literature Review"
DOC-00140,CMP-0012,TRL-0005,Literature Review,Literature Review: DKU-1011 - Jun 2026,Kyle Garza,2026-02-02,"Recent literature on BCL-2 inhibitors highlights growing interest in Metabolic Disease indications. Several published studies report that selective BCL-2 modulation can reduce Pyrexia-related toxicity relative to first-generation agents. This supports continued investment in the DKU-1011 program, particularly given its degrader that recruits bcl-2 to the ubiquitin-proteasome system for clearance","R&D,BCL-2,Clinical"
DOC-00141,CMP-0133,TRL-0094,Literature Review,Literature Review: DKU-1132 - Jul 2026,Autumn Gallagher,2024-10-16,"A meta-analysis of Infectious Disease trials targeting JAK2 found that biomarker response improved in 46% of studies reviewed, though Cough was the most commonly reported dose-limiting toxicity. These findings are directly relevant to the DKU-1132 clinical development plan.","Safety,Literature Review,Infectious Disease"
DOC-00142,CMP-0127,TRL-0088,Internal Memo,Internal Memo: SNF-1126 - Jun 2026,James Garner,2024-10-02,Internal memo re: SNF-1126 (Phase II). The project team met to review Q4 progress. Key decision: pause enrollment pending safety review. Budget and timeline impact to be assessed by the portfolio committee. Next milestone review scheduled for 2026-11-20.,"R&D,TNF-alpha,Safety"
DOC-00143,CMP-0122,TRL-0085,SOP Deviation Report,SOP Deviation Report: SNF-1121 - Jan 2026,Laura Mills,2026-07-13,"SOP deviation report: during Pharmacokinetic (PK) Study for SNF-1121, a temperature excursion was noted in the incubation step. Root cause: equipment calibration overdue. Corrective action: recalibrate and re-run affected samples. Impact to data integrity assessed as none, within spec.","Cardiology,Clinical,Safety"
DOC-00144,CMP-0003,,Regulatory Briefing,Regulatory Briefing: AGN-1002 - Feb 2026,Paula Caldwell,2023-10-16,Regulatory briefing document for AGN-1002: summary of nonclinical and clinical safety data supporting the Preclinical submission. hERG and genotoxicity screens were within acceptable limits. Agency feedback requested additional PK data in the Oncology population prior to advancing to the next phase.,"Oncology,Safety,Clinical"
DOC-00145,CMP-0074,TRL-0055,Literature Review,Literature Review: RX-1073 - May 2025,Tracy Garcia,2026-06-22,"Recent literature on KRAS G12C inhibitors highlights growing interest in Infectious Disease indications. Several published studies report that selective KRAS G12C modulation can reduce Hypertension-related toxicity relative to first-generation agents. This supports continued investment in the RX-1073 program, particularly given its selective inhibitor of kras g12c, blocking downstream proliferative signaling","Safety,Clinical,Infectious Disease"
DOC-00146,CMP-0093,TRL-0066,Lab Notebook Entry,Lab Notebook Entry: SNF-1092 - Feb 2026,Sarah King,2026-03-02,Follow-up assay for SNF-1092: repeated Cell Viability Assay in triplicate to confirm prior result of no significant activity. Variance was higher than expected (>20%). SNF-1092 remains a backup candidate for the Metabolic Disease program pending formulation optimization.,"KRAS G12C,Lab Notebook Entry,Clinical"
DOC-00147,CMP-0021,,Regulatory Briefing,Regulatory Briefing: SNF-1020 - Sep 2024,Danielle Griffin,2023-11-09,Regulatory briefing document for SNF-1020: summary of nonclinical and clinical safety data supporting the Preclinical submission. hERG and genotoxicity screens were within acceptable limits. Agency feedback requested additional PK data in the Metabolic Disease population prior to advancing to the next phase.,"Metabolic Disease,Clinical,Regulatory Briefing"
DOC-00148,CMP-0124,TRL-0086,SOP Deviation Report,SOP Deviation Report: VLX-1123 - Jan 2025,Deborah Leon MD,2026-01-09,"SOP deviation report: during Enzymatic Inhibition Assay for VLX-1123, a temperature excursion was noted in the incubation step. Root cause: equipment calibration overdue. Corrective action: recalibrate and re-run affected samples. Impact to data integrity assessed as minimal.","Oncology,Clinical,SOP Deviation Report"
DOC-00149,CMP-0021,,Lab Notebook Entry,Lab Notebook Entry: SNF-1020 - May 2025,James Bailey,2026-02-26,Follow-up assay for SNF-1020: repeated Pharmacokinetic (PK) Study in triplicate to confirm prior result of dose-dependent inhibition. Variance was low (<10%). SNF-1020 remains a backup candidate for the Metabolic Disease program pending scale-up synthesis.,"R&D,TNF-alpha,Lab Notebook Entry"
DOC-00150,CMP-0061,,SOP Deviation Report,SOP Deviation Report: AGN-1060 - Mar 2026,Felicia Jensen,2025-12-06,"SOP deviation report: during Metabolic Stability (Microsomal) for AGN-1060, a temperature excursion was noted in the incubation step. Root cause: equipment calibration overdue. Corrective action: recalibrate and re-run affected samples. Impact to data integrity assessed as none, within spec.","Safety,Metabolic Disease,R&D"
DOC-00151,CMP-0076,TRL-0056,Literature Review,Literature Review: VLX-1075 - Mar 2026,Ronald Garcia,2025-11-16,"Recent literature on ALK inhibitors highlights growing interest in Metabolic Disease indications. Several published studies report that selective ALK modulation can reduce Elevated Liver Enzymes-related toxicity relative to first-generation agents. This supports continued investment in the VLX-1075 program, particularly given its monoclonal antibody that binds alk, triggering immune-mediated cell death","Literature Review,Metabolic Disease,Safety"
DOC-00152,CMP-0123,,Lab Notebook Entry,Lab Notebook Entry: AGN-1122 - Aug 2025,Jonathan Lopez,2024-11-10,"Ran Enzymatic Inhibition Assay on AGN-1122 (NLRP3 program) at 46.7 uM concentration. Observed no significant activity. Compared to reference compound, AGN-1122 showed comparable activity. Recommend formulation optimization.","Clinical,NLRP3,R&D"
DOC-00153,CMP-0017,TRL-0009,Literature Review,Literature Review: VLX-1016 - Jul 2024,Heather Shaffer,2026-05-25,"A meta-analysis of Infectious Disease trials targeting NLRP3 found that symptom control improved in 41% of studies reviewed, though Peripheral Neuropathy was the most commonly reported dose-limiting toxicity. These findings are directly relevant to the VLX-1016 clinical development plan.","Literature Review,R&D,Safety"
DOC-00154,CMP-0146,,Internal Memo,Internal Memo: VLX-1145 - Aug 2026,Brian Perkins,2026-06-09,Internal memo re: VLX-1145 (Discovery). The project team met to review Q2 progress. Key decision: pause enrollment pending safety review. Budget and timeline impact to be assessed by the portfolio committee. Next milestone review scheduled for 2026-11-27.,"R&D,Safety,Cardiology"
DOC-00155,CMP-0134,TRL-0095,Lab Notebook Entry,Lab Notebook Entry: PSA-1133 - Oct 2025,Nicole Medina,2024-11-26,Follow-up assay for PSA-1133: repeated hERG Cardiotoxicity Screen in triplicate to confirm prior result of no significant activity. Variance was low (<10%). PSA-1133 remains a high-priority candidate for the Cardiology program pending structural analog screening.,"R&D,Lab Notebook Entry,Clinical"
DOC-00156,CMP-0143,TRL-0107,Regulatory Briefing,Regulatory Briefing: DKU-1142 - Oct 2025,Brandon Harper,2026-05-05,Regulatory briefing document for DKU-1142: summary of nonclinical and clinical safety data supporting the Phase I submission. hERG and genotoxicity screens were within acceptable limits. Agency feedback requested additional PK data in the Metabolic Disease population prior to advancing to the next phase.,"Safety,R&D,Regulatory Briefing"
DOC-00157,CMP-0012,TRL-0005,Literature Review,Literature Review: DKU-1011 - Dec 2024,Mike Patel,2024-11-25,"A meta-analysis of Metabolic Disease trials targeting BCL-2 found that symptom control improved in 70% of studies reviewed, though Hypertension was the most commonly reported dose-limiting toxicity. These findings are directly relevant to the DKU-1011 clinical development plan.","R&D,Clinical,Safety"
DOC-00158,CMP-0139,TRL-0103,Conference Abstract,Conference Abstract: AGN-1138 - Jun 2026,Tyler Olsen,2026-05-16,"Conference abstract: 'AGN-1138 demonstrates promising efficacy in Infectious Disease: results from TRL-0103.' Presented findings show a statistically significant benefit with a manageable safety profile; most common adverse event was Myalgia (Severe, self-limited).","Safety,R&D,SGLT2"
DOC-00159,CMP-0056,TRL-0039,SOP Deviation Report,SOP Deviation Report: PSA-1055 - Aug 2024,Angela Key,2025-01-14,"SOP deviation report: during Solubility Assay for PSA-1055, a temperature excursion was noted in the incubation step. Root cause: equipment calibration overdue. Corrective action: recalibrate and re-run affected samples. Impact to data integrity assessed as minimal.","mTOR,Oncology,SOP Deviation Report"
DOC-00160,CMP-0002,TRL-0001,Conference Abstract,Conference Abstract: DKU-1001 - Nov 2023,Mary Hill,2025-03-12,"Conference abstract: 'DKU-1001 demonstrates superior efficacy in Metabolic Disease: results from TRL-0001.' Presented findings show a statistically significant benefit with a manageable safety profile; most common adverse event was Pyrexia (Moderate, self-limited).","Conference Abstract,TNF-alpha,Safety"
DOC-00161,CMP-0023,TRL-0014,Regulatory Briefing,Regulatory Briefing: SNF-1022 - Mar 2026,Mrs. Courtney Wong,2024-05-11,Regulatory briefing document for SNF-1022: summary of nonclinical and clinical safety data supporting the Phase II submission. hERG and genotoxicity screens were within acceptable limits. Agency feedback requested additional PK data in the Infectious Disease population prior to advancing to the next phase.,"NLRP3,Safety,Clinical"
DOC-00162,CMP-0130,,Lab Notebook Entry,Lab Notebook Entry: DKU-1129 - Oct 2023,Alex Salazar,2026-03-23,"Ran Pharmacokinetic (PK) Study on DKU-1129 (PCSK9 program) at 0.5 uM concentration. Observed strong target engagement. Compared to reference compound, DKU-1129 showed superior activity. Recommend formulation optimization.","Safety,Oncology,Clinical"
DOC-00163,CMP-0057,,Regulatory Briefing,Regulatory Briefing: DKU-1056 - Dec 2024,Laura Gutierrez,2026-04-03,Regulatory briefing document for DKU-1056: summary of nonclinical and clinical safety data supporting the Preclinical submission. hERG and genotoxicity screens were within acceptable limits. Agency feedback requested additional PK data in the Oncology population prior to advancing to the next phase.,"Oncology,BTK,Regulatory Briefing"
DOC-00164,CMP-0127,TRL-0088,Literature Review,Literature Review: SNF-1126 - Jun 2025,Stacy Werner,2025-12-13,"Recent literature on TNF-alpha inhibitors highlights growing interest in Metabolic Disease indications. Several published studies report that selective TNF-alpha modulation can reduce Fatigue-related toxicity relative to first-generation agents. This supports continued investment in the SNF-1126 program, particularly given its monoclonal antibody that binds tnf-alpha, triggering immune-mediated cell death","Clinical,R&D,TNF-alpha"
DOC-00165,CMP-0135,TRL-0098,Literature Review,Literature Review: DKU-1134 - Oct 2025,Dr. Deborah Wood,2026-05-30,"Recent literature on GLP-1R inhibitors highlights growing interest in Cardiology indications. Several published studies report that selective GLP-1R modulation can reduce Pyrexia-related toxicity relative to first-generation agents. This supports continued investment in the DKU-1134 program, particularly given its competitive antagonist at the glp-1r binding site, restoring normal pathway flux","Safety,Literature Review,R&D"
DOC-00166,CMP-0061,,Regulatory Briefing,Regulatory Briefing: AGN-1060 - Jul 2026,Howard Rubio,2024-02-12,Regulatory briefing document for AGN-1060: summary of nonclinical and clinical safety data supporting the Discovery submission. hERG and genotoxicity screens were within acceptable limits. Agency feedback requested additional PK data in the Metabolic Disease population prior to advancing to the next phase.,"Safety,Metabolic Disease,Regulatory Briefing"
DOC-00167,CMP-0055,TRL-0037,Lab Notebook Entry,Lab Notebook Entry: VLX-1054 - Apr 2026,Mrs. Kimberly Anderson,2026-08-27,"Ran Enzymatic Inhibition Assay on VLX-1054 (KRAS G12C program) at 7.0 uM concentration. Observed no significant activity. Compared to reference compound, VLX-1054 showed comparable activity. Recommend scale-up synthesis.","Safety,R&D,Lab Notebook Entry"
DOC-00168,CMP-0123,,Conference Abstract,Conference Abstract: AGN-1122 - Jan 2026,Karen Edwards,2026-02-17,"Conference abstract: 'AGN-1122 demonstrates durable efficacy in Respiratory: results from N/A.' Presented findings show a statistically significant benefit with a manageable safety profile; most common adverse event was Decreased Appetite (Moderate, self-limited).","NLRP3,Conference Abstract,Respiratory"
DOC-00169,CMP-0150,TRL-0110,Conference Abstract,Conference Abstract: PSA-1149 - Jul 2025,Michelle Newman,2025-05-16,"Conference abstract: 'PSA-1149 demonstrates durable efficacy in Metabolic Disease: results from TRL-0110.' Presented findings show a statistically significant benefit with a manageable safety profile; most common adverse event was Anemia (Moderate, self-limited).","Clinical,Metabolic Disease,JAK2"
DOC-00170,CMP-0039,TRL-0027,Regulatory Briefing,Regulatory Briefing: PSA-1038 - Aug 2026,Kenneth Brown,2025-07-26,Regulatory briefing document for PSA-1038: summary of nonclinical and clinical safety data supporting the Phase III submission. hERG and genotoxicity screens were within acceptable limits. Agency feedback requested additional PK data in the Neurology population prior to advancing to the next phase.,"Safety,R&D,Clinical"
DOC-00171,CMP-0142,TRL-0106,Internal Memo,Internal Memo: VLX-1141 - Jan 2025,Carolyn Castro,2025-05-22,Status update on TRL-0106 (VLX-1141): enrollment is at 67% of target across 7 sites. Safety signal review for Anemia is ongoing. No changes recommended to the current protocol at this time.,"Internal Memo,Infectious Disease,Clinical"
DOC-00172,CMP-0075,,Lab Notebook Entry,Lab Notebook Entry: DKU-1074 - Nov 2023,Sean Hernandez,2025-10-03,Follow-up assay for DKU-1074: repeated Enzymatic Inhibition Assay in triplicate to confirm prior result of no significant activity. Variance was higher than expected (>20%). DKU-1074 remains a high-priority candidate for the Cardiology program pending in vivo follow-up.,"Cardiology,GLP-1R,Safety"
DOC-00173,CMP-0146,,Internal Memo,Internal Memo: VLX-1145 - Nov 2025,Theresa Luna,2025-11-07,Internal memo re: VLX-1145 (Discovery). The project team met to review Q1 progress. Key decision: pause enrollment pending safety review. Budget and timeline impact to be assessed by the portfolio committee. Next milestone review scheduled for 2026-10-03.,"Clinical,Cardiology,R&D"
DOC-00174,CMP-0133,TRL-0093,Lab Notebook Entry,Lab Notebook Entry: DKU-1132 - Mar 2025,Terri Andersen,2024-05-10,Follow-up assay for DKU-1132: repeated Cell Viability Assay in triplicate to confirm prior result of moderate cytotoxicity at high dose. Variance was moderate (10-20%). DKU-1132 remains a backup candidate for the Infectious Disease program pending structural analog screening.,"Clinical,JAK2,Lab Notebook Entry"
DOC-00175,CMP-0110,,Regulatory Briefing,Regulatory Briefing: RX-1109 - Jan 2025,Megan Rivera,2025-06-02,Regulatory briefing document for RX-1109: summary of nonclinical and clinical safety data supporting the Discovery submission. hERG and genotoxicity screens were within acceptable limits. Agency feedback requested additional PK data in the Cardiology population prior to advancing to the next phase.,"Safety,Cardiology,Regulatory Briefing"
DOC-00176,CMP-0127,TRL-0088,Regulatory Briefing,Regulatory Briefing: SNF-1126 - May 2026,Brianna Ryan,2025-10-03,Regulatory briefing document for SNF-1126: summary of nonclinical and clinical safety data supporting the Phase II submission. hERG and genotoxicity screens were within acceptable limits. Agency feedback requested additional PK data in the Metabolic Disease population prior to advancing to the next phase.,"Clinical,TNF-alpha,Metabolic Disease"
DOC-00177,CMP-0111,TRL-0074,Conference Abstract,Conference Abstract: DKU-1110 - Aug 2024,Leonard Joseph,2024-10-14,"Conference abstract: 'DKU-1110 demonstrates durable efficacy in Neurology: results from TRL-0074.' Presented findings show a statistically significant benefit with a manageable safety profile; most common adverse event was Anemia (Moderate, self-limited).","CDK4/6,Safety,R&D"
DOC-00178,CMP-0079,,Lab Notebook Entry,Lab Notebook Entry: VLX-1078 - Jan 2024,Lisa Moreno,2025-11-25,"Ran Binding Affinity (SPR) on VLX-1078 (CDK4/6 program) at 7.1 uM concentration. Observed no significant activity. Compared to reference compound, VLX-1078 showed comparable activity. Recommend structural analog screening.","Lab Notebook Entry,Safety,Clinical"
DOC-00179,CMP-0014,,Conference Abstract,Conference Abstract: VLX-1013 - Nov 2025,Kyle Blake,2024-04-01,"Conference abstract: 'VLX-1013 demonstrates durable efficacy in Cardiology: results from N/A.' Presented findings show a clinically meaningful benefit with a manageable safety profile; most common adverse event was QT Prolongation (Mild, self-limited).","HER2,Clinical,Cardiology"
DOC-00180,CMP-0150,TRL-0110,Literature Review,Literature Review: PSA-1149 - Apr 2024,Kathleen Wilson,2023-12-24,"A meta-analysis of Metabolic Disease trials targeting JAK2 found that progression-free survival improved in 35% of studies reviewed, though Cough was the most commonly reported dose-limiting toxicity. These findings are directly relevant to the PSA-1149 clinical development plan.","JAK2,Literature Review,Metabolic Disease"
DOC-00181,CMP-0010,,Regulatory Briefing,Regulatory Briefing: DKU-1009 - Jul 2026,Tiffany Hughes,2024-12-07,Regulatory briefing document for DKU-1009: summary of nonclinical and clinical safety data supporting the Discovery submission. hERG and genotoxicity screens were within acceptable limits. Agency feedback requested additional PK data in the Oncology population prior to advancing to the next phase.,"Regulatory Briefing,SGLT2,Safety"
DOC-00182,CMP-0032,TRL-0020,Literature Review,Literature Review: RX-1031 - Oct 2025,Greg Davis,2024-10-10,"A meta-analysis of Respiratory trials targeting EGFR found that biomarker response improved in 58% of studies reviewed, though Fatigue was the most commonly reported dose-limiting toxicity. These findings are directly relevant to the RX-1031 clinical development plan.","Literature Review,Respiratory,Clinical"
DOC-00183,CMP-0073,TRL-0053,Literature Review,Literature Review: DKU-1072 - Oct 2025,Kathryn Lopez,2024-11-30,"A meta-analysis of Metabolic Disease trials targeting KRAS G12C found that symptom control improved in 51% of studies reviewed, though Thrombocytopenia was the most commonly reported dose-limiting toxicity. These findings are directly relevant to the DKU-1072 clinical development plan.","R&D,KRAS G12C,Metabolic Disease"
DOC-00184,CMP-0052,TRL-0034,Conference Abstract,Conference Abstract: RX-1051 - May 2024,Miss Gina Walton,2025-04-13,"Conference abstract: 'RX-1051 demonstrates promising efficacy in Respiratory: results from TRL-0034.' Presented findings show a clinically meaningful benefit with a manageable safety profile; most common adverse event was Pyrexia (Moderate, self-limited).","R&D,Clinical,EGFR"
DOC-00185,CMP-0096,,Regulatory Briefing,Regulatory Briefing: AGN-1095 - Oct 2023,Vicki Brown,2024-10-30,Regulatory briefing document for AGN-1095: summary of nonclinical and clinical safety data supporting the Preclinical submission. hERG and genotoxicity screens were within acceptable limits. Agency feedback requested additional PK data in the Metabolic Disease population prior to advancing to the next phase.,"Regulatory Briefing,Metabolic Disease,R&D"
DOC-00186,CMP-0053,TRL-0035,Conference Abstract,Conference Abstract: VLX-1052 - Mar 2024,Kendra Smith,2024-11-12,"Conference abstract: 'VLX-1052 demonstrates durable efficacy in Respiratory: results from TRL-0035.' Presented findings show a statistically significant benefit with a manageable safety profile; most common adverse event was Thrombocytopenia (Severe, self-limited).","Safety,Respiratory,IL-6R"
DOC-00187,CMP-0022,,SOP Deviation Report,SOP Deviation Report: VLX-1021 - Oct 2023,Kristine Villarreal,2026-07-30,"SOP deviation report: during Pharmacokinetic (PK) Study for VLX-1021, a temperature excursion was noted in the incubation step. Root cause: equipment calibration overdue. Corrective action: recalibrate and re-run affected samples. Impact to data integrity assessed as minimal.","SOP Deviation Report,R&D,KRAS G12C"
DOC-00188,CMP-0119,TRL-0081,Conference Abstract,Conference Abstract: SNF-1118 - Apr 2024,Catherine Robinson,2024-09-30,"Conference abstract: 'SNF-1118 demonstrates superior efficacy in Infectious Disease: results from TRL-0081.' Presented findings show a clinically meaningful benefit with a manageable safety profile; most common adverse event was Anemia (Moderate, self-limited).","Safety,Infectious Disease,Conference Abstract"
DOC-00189,CMP-0049,,Regulatory Briefing,Regulatory Briefing: DKU-1048 - Apr 2026,Linda Berry,2026-05-21,Regulatory briefing document for DKU-1048: summary of nonclinical and clinical safety data supporting the Preclinical submission. hERG and genotoxicity screens were within acceptable limits. Agency feedback requested additional PK data in the Metabolic Disease population prior to advancing to the next phase.,"Metabolic Disease,Safety,SGLT2"
DOC-00190,CMP-0050,,SOP Deviation Report,SOP Deviation Report: SNF-1049 - Oct 2025,Cassandra Hernandez,2026-03-02,"SOP deviation report: during Metabolic Stability (Microsomal) for SNF-1049, a temperature excursion was noted in the incubation step. Root cause: equipment calibration overdue. Corrective action: recalibrate and re-run affected samples. Impact to data integrity assessed as minimal.","R&D,SOP Deviation Report,Immunology"
DOC-00191,CMP-0044,,Internal Memo,Internal Memo: AGN-1043 - Oct 2023,Tina Shepard,2026-02-17,"Status update on N/A (AGN-1043): enrollment is at 34% of target across 5 sites. Safety signal review for Injection Site Reaction is complete, no signal identified. No changes recommended to the current protocol at this time.","Oncology,Clinical,VEGFR2"
DOC-00192,CMP-0055,TRL-0037,Regulatory Briefing,Regulatory Briefing: VLX-1054 - Aug 2024,Gregory White,2025-04-07,Regulatory briefing document for VLX-1054: summary of nonclinical and clinical safety data supporting the Phase II submission. hERG and genotoxicity screens were within acceptable limits. Agency feedback requested additional PK data in the Oncology population prior to advancing to the next phase.,"Regulatory Briefing,Clinical,Oncology"
DOC-00193,CMP-0015,TRL-0007,Conference Abstract,Conference Abstract: SNF-1014 - May 2026,Mr. Zachary Mora DVM,2026-06-30,"Conference abstract: 'SNF-1014 demonstrates promising efficacy in Cardiology: results from TRL-0007.' Presented findings show a clinically meaningful benefit with a manageable safety profile; most common adverse event was Anemia (Moderate, self-limited).","ALK,Cardiology,Safety"
DOC-00194,CMP-0074,TRL-0054,Lab Notebook Entry,Lab Notebook Entry: RX-1073 - May 2025,Jerome Wilson,2025-05-17,Follow-up assay for RX-1073: repeated hERG Cardiotoxicity Screen in triplicate to confirm prior result of no significant activity. Variance was low (<10%). RX-1073 remains a backup candidate for the Infectious Disease program pending in vivo follow-up.,"R&D,Infectious Disease,Lab Notebook Entry"
DOC-00195,CMP-0098,,SOP Deviation Report,SOP Deviation Report: VLX-1097 - Sep 2024,David Roth,2024-04-11,"SOP deviation report: during Binding Affinity (SPR) for VLX-1097, a temperature excursion was noted in the incubation step. Root cause: equipment calibration overdue. Corrective action: recalibrate and re-run affected samples. Impact to data integrity assessed as none, within spec.","SOP Deviation Report,IL-6R,Infectious Disease"
DOC-00196,CMP-0127,TRL-0088,Lab Notebook Entry,Lab Notebook Entry: SNF-1126 - Dec 2024,Thomas Morse,2026-02-21,Follow-up assay for SNF-1126: repeated hERG Cardiotoxicity Screen in triplicate to confirm prior result of no significant activity. Variance was moderate (10-20%). SNF-1126 remains a backup candidate for the Metabolic Disease program pending structural analog screening.,"R&D,Clinical,TNF-alpha"
DOC-00197,CMP-0097,TRL-0067,SOP Deviation Report,SOP Deviation Report: VLX-1096 - Jun 2026,Sara Garcia,2025-04-09,"SOP deviation report: during Metabolic Stability (Microsomal) for VLX-1096, a temperature excursion was noted in the incubation step. Root cause: equipment calibration overdue. Corrective action: recalibrate and re-run affected samples. Impact to data integrity assessed as minimal.","Clinical,Safety,BRAF"
DOC-00198,CMP-0081,,Lab Notebook Entry,Lab Notebook Entry: SNF-1080 - Sep 2025,Joseph Andrews,2025-04-22,"Ran Solubility Assay on SNF-1080 (mTOR program) at 4.2 uM concentration. Observed moderate cytotoxicity at high dose. Compared to reference compound, SNF-1080 showed superior activity. Recommend in vivo follow-up.","R&D,Lab Notebook Entry,Immunology"
DOC-00199,CMP-0045,TRL-0030,SOP Deviation Report,SOP Deviation Report: AGN-1044 - Nov 2024,Christina Flores,2025-01-20,"SOP deviation report: during Enzymatic Inhibition Assay for AGN-1044, a temperature excursion was noted in the incubation step. Root cause: equipment calibration overdue. Corrective action: recalibrate and re-run affected samples. Impact to data integrity assessed as moderate - samples re-run.","GLP-1R,R&D,Immunology"
DOC-00200,CMP-0019,TRL-0011,Lab Notebook Entry,Lab Notebook Entry: DKU-1018 - Apr 2024,Jessica Graham,2023-12-17,"Ran Metabolic Stability (Microsomal) on DKU-1018 (NLRP3 program) at 10.9 uM concentration. Observed no significant activity. Compared to reference compound, DKU-1018 showed modestly improved activity. Recommend in vivo follow-up.","NLRP3,Clinical,Infectious Disease"
DOC-00201,CMP-0083,,Internal Memo,Internal Memo: RX-1082 - Jan 2024,Lisa Torres,2026-09-08,Internal memo re: RX-1082 (Discovery). The project team met to review Q3 progress. Key decision: expand to two additional sites. Budget and timeline impact to be assessed by the portfolio committee. Next milestone review scheduled for 2026-09-29.,"R&D,Safety,Clinical"
DOC-00202,CMP-0004,,Regulatory Briefing,Regulatory Briefing: PSA-1003 - Jan 2026,Melissa Rose,2023-11-02,Regulatory briefing document for PSA-1003: summary of nonclinical and clinical safety data supporting the Preclinical submission. hERG and genotoxicity screens were within acceptable limits. Agency feedback requested additional PK data in the Oncology population prior to advancing to the next phase.,"Clinical,R&D,Regulatory Briefing"
DOC-00203,CMP-0016,,Lab Notebook Entry,Lab Notebook Entry: VLX-1015 - Jul 2026,Kevin Mccullough,2025-05-04,Follow-up assay for VLX-1015: repeated Metabolic Stability (Microsomal) in triplicate to confirm prior result of moderate cytotoxicity at high dose. Variance was higher than expected (>20%). VLX-1015 remains a backup candidate for the Neurology program pending in vivo follow-up.,"R&D,Lab Notebook Entry,Safety"
DOC-00204,CMP-0088,TRL-0063,SOP Deviation Report,SOP Deviation Report: DKU-1087 - Aug 2025,Kimberly Williams,2024-08-14,"SOP deviation report: during Cell Viability Assay for DKU-1087, a temperature excursion was noted in the incubation step. Root cause: equipment calibration overdue. Corrective action: recalibrate and re-run affected samples. Impact to data integrity assessed as minimal.","Immunology,Safety,R&D"
DOC-00205,CMP-0111,TRL-0074,Lab Notebook Entry,Lab Notebook Entry: DKU-1110 - Apr 2024,Amy Bryan,2026-05-01,"Ran Selectivity Panel on DKU-1110 (CDK4/6 program) at 20.7 uM concentration. Observed dose-dependent inhibition. Compared to reference compound, DKU-1110 showed inferior activity. Recommend formulation optimization.","R&D,Clinical,Safety"
DOC-00206,CMP-0076,TRL-0056,Lab Notebook Entry,Lab Notebook Entry: VLX-1075 - Dec 2025,Cassandra Wood,2025-10-22,Follow-up assay for VLX-1075: repeated Cell Viability Assay in triplicate to confirm prior result of moderate cytotoxicity at high dose. Variance was higher than expected (>20%). VLX-1075 remains a watchlist candidate for the Metabolic Disease program pending formulation optimization.,"Safety,R&D,Metabolic Disease"
DOC-00207,CMP-0143,TRL-0107,Internal Memo,Internal Memo: DKU-1142 - Jan 2024,Stephanie Joseph,2023-12-06,Status update on TRL-0107 (DKU-1142): enrollment is at 59% of target across 7 sites. Safety signal review for Hypertension is escalated to DSMB. No changes recommended to the current protocol at this time.,"BRAF,Metabolic Disease,R&D"
DOC-00208,CMP-0060,TRL-0041,Lab Notebook Entry,Lab Notebook Entry: RX-1059 - Apr 2024,Martin Smith,2026-06-23,"Ran Pharmacokinetic (PK) Study on RX-1059 (BRAF program) at 22.2 uM concentration. Observed moderate cytotoxicity at high dose. Compared to reference compound, RX-1059 showed inferior activity. Recommend structural analog screening.","R&D,BRAF,Safety"
DOC-00209,CMP-0077,,Literature Review,Literature Review: AGN-1076 - Apr 2024,Tammy Smith,2024-06-07,"A meta-analysis of Metabolic Disease trials targeting ALK found that progression-free survival improved in 71% of studies reviewed, though Vomiting was the most commonly reported dose-limiting toxicity. These findings are directly relevant to the AGN-1076 clinical development plan.","R&D,ALK,Safety"
DOC-00210,CMP-0011,,SOP Deviation Report,SOP Deviation Report: PSA-1010 - Feb 2026,Victoria Benitez,2026-03-11,"SOP deviation report: during Solubility Assay for PSA-1010, a temperature excursion was noted in the incubation step. Root cause: equipment calibration overdue. Corrective action: recalibrate and re-run affected samples. Impact to data integrity assessed as none, within spec.","IL-6R,R&D,Safety"
DOC-00211,CMP-0003,,Lab Notebook Entry,Lab Notebook Entry: AGN-1002 - Oct 2024,Amanda Thomas,2024-06-13,"Ran Metabolic Stability (Microsomal) on AGN-1002 (BTK program) at 24.3 uM concentration. Observed moderate cytotoxicity at high dose. Compared to reference compound, AGN-1002 showed comparable activity. Recommend structural analog screening.","Oncology,Safety,R&D"
DOC-00212,CMP-0076,TRL-0056,Lab Notebook Entry,Lab Notebook Entry: VLX-1075 - Sep 2025,Jenny Duncan,2026-04-20,"Ran Enzymatic Inhibition Assay on VLX-1075 (ALK program) at 20.2 uM concentration. Observed dose-dependent inhibition. Compared to reference compound, VLX-1075 showed modestly improved activity. Recommend scale-up synthesis.","ALK,R&D,Lab Notebook Entry"
DOC-00213,CMP-0137,TRL-0099,Literature Review,Literature Review: AGN-1136 - Aug 2025,Shawn Doyle,2024-07-12,"Recent literature on KRAS G12C inhibitors highlights growing interest in Respiratory indications. Several published studies report that selective KRAS G12C modulation can reduce Hypertension-related toxicity relative to first-generation agents. This supports continued investment in the AGN-1136 program, particularly given its competitive antagonist at the kras g12c binding site, restoring normal pathway flux","Clinical,KRAS G12C,R&D"
DOC-00214,CMP-0110,,Internal Memo,Internal Memo: RX-1109 - Dec 2024,Donald Santana,2026-02-28,Status update on N/A (RX-1109): enrollment is at 100% of target across 1 sites. Safety signal review for Nausea is escalated to DSMB. No changes recommended to the current protocol at this time.,"Clinical,Cardiology,Safety"
DOC-00215,CMP-0107,,Regulatory Briefing,Regulatory Briefing: AGN-1106 - Mar 2025,Lori Foster,2025-10-19,Regulatory briefing document for AGN-1106: summary of nonclinical and clinical safety data supporting the Preclinical submission. hERG and genotoxicity screens were within acceptable limits. Agency feedback requested additional PK data in the Metabolic Disease population prior to advancing to the next phase.,"Metabolic Disease,GLP-1R,Regulatory Briefing"
DOC-00216,CMP-0130,,Internal Memo,Internal Memo: DKU-1129 - Sep 2025,Mark Wilson,2026-06-01,Internal memo re: DKU-1129 (Preclinical). The project team met to review Q1 progress. Key decision: initiate combination study planning. Budget and timeline impact to be assessed by the portfolio committee. Next milestone review scheduled for 2026-11-02.,"Oncology,R&D,Safety"
DOC-00217,CMP-0116,,Regulatory Briefing,Regulatory Briefing: AGN-1115 - Mar 2025,Garrett Harding,2024-06-24,Regulatory briefing document for AGN-1115: summary of nonclinical and clinical safety data supporting the Discovery submission. hERG and genotoxicity screens were within acceptable limits. Agency feedback requested additional PK data in the Metabolic Disease population prior to advancing to the next phase.,"Safety,Metabolic Disease,IL-6R"
DOC-00218,CMP-0029,TRL-0019,SOP Deviation Report,SOP Deviation Report: SNF-1028 - Oct 2025,Jennifer Herrera,2024-07-25,"SOP deviation report: during Solubility Assay for SNF-1028, a temperature excursion was noted in the incubation step. Root cause: equipment calibration overdue. Corrective action: recalibrate and re-run affected samples. Impact to data integrity assessed as none, within spec.","R&D,HER2,Clinical"
DOC-00219,CMP-0126,TRL-0087,Internal Memo,Internal Memo: SNF-1125 - Jan 2024,Rodney Henson,2026-07-24,Internal memo re: SNF-1125 (Phase II). The project team met to review Q1 progress. Key decision: continue to next dose cohort. Budget and timeline impact to be assessed by the portfolio committee. Next milestone review scheduled for 2026-11-12.,"Clinical,Safety,Oncology"
DOC-00220,CMP-0123,,Literature Review,Literature Review: AGN-1122 - May 2025,Mr. Zachary Harrison Jr.,2024-05-25,"A meta-analysis of Respiratory trials targeting NLRP3 found that progression-free survival improved in 47% of studies reviewed, though Decreased Appetite was the most commonly reported dose-limiting toxicity. These findings are directly relevant to the AGN-1122 clinical development plan.","Clinical,Respiratory,Safety"
DOC-00221,CMP-0016,,Conference Abstract,Conference Abstract: VLX-1015 - Mar 2026,Phillip Drake,2024-06-08,"Conference abstract: 'VLX-1015 demonstrates superior efficacy in Neurology: results from N/A.' Presented findings show a clinically meaningful benefit with a manageable safety profile; most common adverse event was Decreased Appetite (Mild, self-limited).","PCSK9,Neurology,Conference Abstract"
DOC-00222,CMP-0020,TRL-0013,Literature Review,Literature Review: AGN-1019 - Jul 2025,Charles Harper,2023-11-01,"Recent literature on BCL-2 inhibitors highlights growing interest in Metabolic Disease indications. Several published studies report that selective BCL-2 modulation can reduce Hypertension-related toxicity relative to first-generation agents. This supports continued investment in the AGN-1019 program, particularly given its degrader that recruits bcl-2 to the ubiquitin-proteasome system for clearance","Literature Review,Safety,R&D"
DOC-00223,CMP-0133,TRL-0094,Literature Review,Literature Review: DKU-1132 - Jul 2026,Chelsea Clark,2024-08-31,"A meta-analysis of Infectious Disease trials targeting JAK2 found that biomarker response improved in 70% of studies reviewed, though Fatigue was the most commonly reported dose-limiting toxicity. These findings are directly relevant to the DKU-1132 clinical development plan.","Safety,Literature Review,R&D"
DOC-00224,CMP-0073,TRL-0053,SOP Deviation Report,SOP Deviation Report: DKU-1072 - Jun 2025,Gloria Clements,2026-06-23,"SOP deviation report: during Metabolic Stability (Microsomal) for DKU-1072, a temperature excursion was noted in the incubation step. Root cause: equipment calibration overdue. Corrective action: recalibrate and re-run affected samples. Impact to data integrity assessed as minimal.","SOP Deviation Report,KRAS G12C,Clinical"
DOC-00225,CMP-0111,TRL-0074,SOP Deviation Report,SOP Deviation Report: DKU-1110 - Oct 2024,Mathew Myers,2024-03-03,"SOP deviation report: during Cell Viability Assay for DKU-1110, a temperature excursion was noted in the incubation step. Root cause: equipment calibration overdue. Corrective action: recalibrate and re-run affected samples. Impact to data integrity assessed as none, within spec.","Clinical,SOP Deviation Report,CDK4/6"
DOC-00226,CMP-0026,TRL-0017,Literature Review,Literature Review: RX-1025 - Aug 2024,Clinton Lee,2025-09-07,"A meta-analysis of Respiratory trials targeting SGLT2 found that symptom control improved in 62% of studies reviewed, though Pyrexia was the most commonly reported dose-limiting toxicity. These findings are directly relevant to the RX-1025 clinical development plan.","Clinical,Literature Review,Safety"
DOC-00227,CMP-0032,TRL-0020,Conference Abstract,Conference Abstract: RX-1031 - Jan 2025,Andrea Sanchez,2025-04-18,"Conference abstract: 'RX-1031 demonstrates promising efficacy in Respiratory: results from TRL-0020.' Presented findings show a statistically significant benefit with a manageable safety profile; most common adverse event was Elevated Liver Enzymes (Severe, self-limited).","Conference Abstract,Safety,Respiratory"
DOC-00228,CMP-0067,,Regulatory Briefing,Regulatory Briefing: RX-1066 - May 2025,Victor Brown,2025-10-06,Regulatory briefing document for RX-1066: summary of nonclinical and clinical safety data supporting the Discovery submission. hERG and genotoxicity screens were within acceptable limits. Agency feedback requested additional PK data in the Oncology population prior to advancing to the next phase.,"Clinical,Regulatory Briefing,R&D"
DOC-00229,CMP-0040,TRL-0028,Internal Memo,Internal Memo: DKU-1039 - Apr 2025,Carolyn Cantu,2024-10-27,"Status update on TRL-0028 (DKU-1039): enrollment is at 34% of target across 3 sites. Safety signal review for Vomiting is complete, no signal identified. No changes recommended to the current protocol at this time.","R&D,VEGFR2,Internal Memo"
DOC-00230,CMP-0015,TRL-0007,Literature Review,Literature Review: SNF-1014 - Feb 2024,David James,2025-05-26,"Recent literature on ALK inhibitors highlights growing interest in Cardiology indications. Several published studies report that selective ALK modulation can reduce Fatigue-related toxicity relative to first-generation agents. This supports continued investment in the SNF-1014 program, particularly given its allosteric modulator of alk, reducing pathological receptor activation","Literature Review,ALK,Safety"
DOC-00231,CMP-0066,,Lab Notebook Entry,Lab Notebook Entry: VLX-1065 - Feb 2026,Barbara Walker,2025-08-05,Follow-up assay for VLX-1065: repeated Enzymatic Inhibition Assay in triplicate to confirm prior result of moderate cytotoxicity at high dose. Variance was higher than expected (>20%). VLX-1065 remains a backup candidate for the Infectious Disease program pending formulation optimization.,"BRAF,Clinical,Infectious Disease"
DOC-00232,CMP-0067,,Regulatory Briefing,Regulatory Briefing: RX-1066 - May 2025,Matthew Bartlett,2026-07-10,Regulatory briefing document for RX-1066: summary of nonclinical and clinical safety data supporting the Discovery submission. hERG and genotoxicity screens were within acceptable limits. Agency feedback requested additional PK data in the Oncology population prior to advancing to the next phase.,"Clinical,JAK2,Oncology"
DOC-00233,CMP-0026,TRL-0017,Conference Abstract,Conference Abstract: RX-1025 - Aug 2025,Luis Cole,2025-12-15,"Conference abstract: 'RX-1025 demonstrates durable efficacy in Respiratory: results from TRL-0017.' Presented findings show a clinically meaningful benefit with a manageable safety profile; most common adverse event was Insomnia (Severe, self-limited).","R&D,Conference Abstract,Clinical"
DOC-00234,CMP-0121,TRL-0084,Literature Review,Literature Review: AGN-1120 - Oct 2025,Haley Travis,2025-01-28,"Recent literature on GLP-1R inhibitors highlights growing interest in Oncology indications. Several published studies report that selective GLP-1R modulation can reduce Diarrhea-related toxicity relative to first-generation agents. This supports continued investment in the AGN-1120 program, particularly given its monoclonal antibody that binds glp-1r, triggering immune-mediated cell death","Oncology,Literature Review,R&D"
DOC-00235,CMP-0136,,Lab Notebook Entry,Lab Notebook Entry: SNF-1135 - Jun 2026,Joshua Ward,2024-02-23,Follow-up assay for SNF-1135: repeated Pharmacokinetic (PK) Study in triplicate to confirm prior result of moderate cytotoxicity at high dose. Variance was higher than expected (>20%). SNF-1135 remains a high-priority candidate for the Infectious Disease program pending in vivo follow-up.,"Lab Notebook Entry,Infectious Disease,Clinical"
DOC-00236,CMP-0028,,Regulatory Briefing,Regulatory Briefing: AGN-1027 - Aug 2025,Walter Kidd,2026-05-10,Regulatory briefing document for AGN-1027: summary of nonclinical and clinical safety data supporting the Preclinical submission. hERG and genotoxicity screens were within acceptable limits. Agency feedback requested additional PK data in the Immunology population prior to advancing to the next phase.,"R&D,Immunology,Clinical"
DOC-00237,CMP-0125,,Internal Memo,Internal Memo: DKU-1124 - Oct 2023,Brianna Stevens,2025-11-04,Internal memo re: DKU-1124 (Discovery). The project team met to review Q4 progress. Key decision: continue to next dose cohort. Budget and timeline impact to be assessed by the portfolio committee. Next milestone review scheduled for 2026-10-27.,"Internal Memo,Safety,R&D"
DOC-00238,CMP-0122,TRL-0085,Lab Notebook Entry,Lab Notebook Entry: SNF-1121 - May 2025,James Larsen,2024-10-08,Follow-up assay for SNF-1121: repeated Selectivity Panel in triplicate to confirm prior result of dose-dependent inhibition. Variance was higher than expected (>20%). SNF-1121 remains a backup candidate for the Cardiology program pending structural analog screening.,"R&D,Cardiology,Lab Notebook Entry"
DOC-00239,CMP-0004,,Conference Abstract,Conference Abstract: PSA-1003 - Jul 2026,Jason Quinn,2025-01-16,"Conference abstract: 'PSA-1003 demonstrates superior efficacy in Oncology: results from N/A.' Presented findings show a statistically significant benefit with a manageable safety profile; most common adverse event was Elevated Liver Enzymes (Mild, self-limited).","BCL-2,Oncology,Conference Abstract"
DOC-00240,CMP-0076,TRL-0056,SOP Deviation Report,SOP Deviation Report: VLX-1075 - Nov 2024,Gabriel Ross,2025-11-18,"SOP deviation report: during Pharmacokinetic (PK) Study for VLX-1075, a temperature excursion was noted in the incubation step. Root cause: equipment calibration overdue. Corrective action: recalibrate and re-run affected samples. Impact to data integrity assessed as minimal.","ALK,SOP Deviation Report,Metabolic Disease"
DOC-00241,CMP-0047,,SOP Deviation Report,SOP Deviation Report: SNF-1046 - Apr 2024,Connor Lee,2026-05-01,"SOP deviation report: during Enzymatic Inhibition Assay for SNF-1046, a temperature excursion was noted in the incubation step. Root cause: equipment calibration overdue. Corrective action: recalibrate and re-run affected samples. Impact to data integrity assessed as minimal.","Immunology,SOP Deviation Report,Safety"
DOC-00242,CMP-0061,,Internal Memo,Internal Memo: AGN-1060 - Jul 2025,Kimberly Gallagher,2024-12-07,Status update on N/A (AGN-1060): enrollment is at 37% of target across 8 sites. Safety signal review for Injection Site Reaction is ongoing. No changes recommended to the current protocol at this time.,"VEGFR2,Internal Memo,Safety"
DOC-00243,CMP-0142,TRL-0106,Conference Abstract,Conference Abstract: VLX-1141 - Aug 2025,Charles Rodriguez,2025-09-01,"Conference abstract: 'VLX-1141 demonstrates durable efficacy in Infectious Disease: results from TRL-0106.' Presented findings show a statistically significant benefit with a manageable safety profile; most common adverse event was QT Prolongation (Severe, self-limited).","Clinical,HER2,R&D"
DOC-00244,CMP-0073,TRL-0053,SOP Deviation Report,SOP Deviation Report: DKU-1072 - Aug 2024,Patricia Hanson,2023-11-12,"SOP deviation report: during Solubility Assay for DKU-1072, a temperature excursion was noted in the incubation step. Root cause: equipment calibration overdue. Corrective action: recalibrate and re-run affected samples. Impact to data integrity assessed as none, within spec.","R&D,KRAS G12C,Metabolic Disease"
DOC-00245,CMP-0081,,Internal Memo,Internal Memo: SNF-1080 - May 2025,James Holmes,2024-04-02,Internal memo re: SNF-1080 (Preclinical). The project team met to review Q3 progress. Key decision: pause enrollment pending safety review. Budget and timeline impact to be assessed by the portfolio committee. Next milestone review scheduled for 2026-10-15.,"R&D,Immunology,mTOR"
DOC-00246,CMP-0116,,Lab Notebook Entry,Lab Notebook Entry: AGN-1115 - Jan 2025,Jasmin Estrada,2024-07-13,Follow-up assay for AGN-1115: repeated Metabolic Stability (Microsomal) in triplicate to confirm prior result of no significant activity. Variance was moderate (10-20%). AGN-1115 remains a high-priority candidate for the Metabolic Disease program pending scale-up synthesis.,"Clinical,Safety,Lab Notebook Entry"
DOC-00247,CMP-0074,TRL-0055,Internal Memo,Internal Memo: RX-1073 - May 2025,James Casey,2024-04-21,Internal memo re: RX-1073 (Phase I). The project team met to review Q1 progress. Key decision: pause enrollment pending safety review. Budget and timeline impact to be assessed by the portfolio committee. Next milestone review scheduled for 2026-11-26.,"R&D,Clinical,KRAS G12C"
DOC-00248,CMP-0066,,Regulatory Briefing,Regulatory Briefing: VLX-1065 - Dec 2024,Sean Anderson,2026-07-03,Regulatory briefing document for VLX-1065: summary of nonclinical and clinical safety data supporting the Discovery submission. hERG and genotoxicity screens were within acceptable limits. Agency feedback requested additional PK data in the Infectious Disease population prior to advancing to the next phase.,"Regulatory Briefing,R&D,BRAF"
DOC-00249,CMP-0036,TRL-0023,SOP Deviation Report,SOP Deviation Report: PSA-1035 - Aug 2024,Lisa Moss,2026-05-04,"SOP deviation report: during Pharmacokinetic (PK) Study for PSA-1035, a temperature excursion was noted in the incubation step. Root cause: equipment calibration overdue. Corrective action: recalibrate and re-run affected samples. Impact to data integrity assessed as moderate - samples re-run.","Metabolic Disease,Safety,GLP-1R"
DOC-00250,CMP-0009,,Lab Notebook Entry,Lab Notebook Entry: PSA-1008 - Sep 2025,Angelica Smith,2026-04-19,"Ran hERG Cardiotoxicity Screen on PSA-1008 (ALK program) at 6.7 uM concentration. Observed dose-dependent inhibition. Compared to reference compound, PSA-1008 showed modestly improved activity. Recommend formulation optimization.","Respiratory,Clinical,Safety"
